bell_curve_freq,switch_wins_counting_list,stay_wins_counting_list,random_wins_counting_list,exp_index,switch_winning_percentages,stay_winning_percentages,random_winning_percentages,stay_winning_percent.,pie_chart_measures,,,trial
35,677,350,470,0,67.7,35,47,66.65,switch_winning_percent,,,1
30.3,1358,653,990,1000,68.1,30.3,52,33.35,switch_losing_percent,,,2
33,2012,983,1509,2000,65.4,33,51.9,33.29,stay_winning_percent,,,3
32.9,2679,1312,1997,3000,66.7,32.9,48.8,66.71,stay_losing_percent,,,4
32.8,3345,1640,2491,4000,66.6,32.8,49.4,49.95,random_winning_percentage,,,5
33.9,4014,1979,2981,5000,66.9,33.9,49,50.05,random_losing_percentage,,,6
32.5,4683,2304,3482,6000,66.9,32.5,50.1,50,losing,,,7
33.2,5345,2636,3953,7000,66.2,33.2,47.1,50,winning,,,8
31.9,6007,2955,4452,8000,66.2,31.9,49.9,,,,,9
30.8,6628,3263,4953,9000,62.1,30.8,50.1,,,,,10
33.4,7282,3597,5433,10000,65.4,33.4,48,,,,,11
34.7,7961,3944,5907,11000,67.9,34.7,47.4,,,,,12
31.3,8623,4257,6411,12000,66.2,31.3,50.4,,,,,13
33.2,9296,4589,6924,13000,67.3,33.2,51.3,,,,,14
32.9,9986,4918,7436,14000,69,32.9,51.2,,,,,15
33.2,10674,5250,7965,15000,68.8,33.2,52.9,,,,,16
32,11319,5570,8464,16000,64.5,32,49.9,,,,,17
33,11971,5900,8948,17000,65.2,33,48.4,,,,,18
31.2,12623,6212,9425,18000,65.2,31.2,47.7,,,,,19
34.7,13276,6559,9925,19000,65.3,34.7,50,,,,,20
31.3,13939,6872,10444,20000,66.3,31.3,51.9,,,,,21
33,14624,7202,10919,21000,68.5,33,47.5,,,,,22
32.6,15298,7528,11405,22000,67.4,32.6,48.6,,,,,23
35.3,15968,7881,11895,23000,67,35.3,49,,,,,24
33.3,16632,8214,12380,24000,66.4,33.3,48.5,,,,,25
34.5,17295,8559,12864,25000,66.3,34.5,48.4,,,,,26
32.6,17984,8885,13343,26000,68.9,32.6,47.9,,,,,27
33.7,18633,9222,13842,27000,64.9,33.7,49.9,,,,,28
28.2,19296,9504,14350,28000,66.3,28.2,50.8,,,,,29
32.3,19949,9827,14847,29000,65.3,32.3,49.7,,,,,30
31.9,20605,10146,15349,30000,65.6,31.9,50.2,,,,,31
32.6,21287,10472,15848,31000,68.2,32.6,49.9,,,,,32
35.3,21966,10825,16316,32000,67.9,35.3,46.8,,,,,33
33.5,22631,11160,16846,33000,66.5,33.5,53,,,,,34
31.1,23303,11471,17314,34000,67.2,31.1,46.8,,,,,35
33.7,23974,11808,17817,35000,67.1,33.7,50.3,,,,,36
33.7,24641,12145,18275,36000,66.7,33.7,45.8,,,,,37
36,25302,12505,18777,37000,66.1,36,50.2,,,,,38
35.2,25968,12857,19282,38000,66.6,35.2,50.5,,,,,39
33.8,26628,13195,19801,39000,66,33.8,51.9,,,,,40
30,27257,13495,20276,40000,62.9,30,47.5,,,,,41
32.6,27908,13821,20777,41000,65.1,32.6,50.1,,,,,42
34,28550,14161,21280,42000,64.2,34,50.3,,,,,43
33.2,29232,14493,21772,43000,68.2,33.2,49.2,,,,,44
37.2,29899,14865,22249,44000,66.7,37.2,47.7,,,,,45
32.3,30544,15188,22776,45000,64.5,32.3,52.7,,,,,46
33.8,31235,15526,23304,46000,69.1,33.8,52.8,,,,,47
31.6,31921,15842,23801,47000,68.6,31.6,49.7,,,,,48
35.2,32595,16194,24290,48000,67.4,35.2,48.9,,,,,49
31.2,33256,16506,24805,49000,66.1,31.2,51.5,,,,,50
34.6,33925,16852,25303,50000,66.9,34.6,49.8,,,,,51
32.2,34577,17174,25815,51000,65.2,32.2,51.2,,,,,52
32.8,35234,17502,26333,52000,65.7,32.8,51.8,,,,,53
32.5,35889,17827,26848,53000,65.5,32.5,51.5,,,,,54
34.9,36575,18176,27339,54000,68.6,34.9,49.1,,,,,55
36.3,37268,18539,27820,55000,69.3,36.3,48.1,,,,,56
33.1,37938,18870,28317,56000,67,33.1,49.7,,,,,57
32.1,38573,19191,28842,57000,63.5,32.1,52.5,,,,,58
33.7,39227,19528,29309,58000,65.4,33.7,46.7,,,,,59
34.3,39893,19871,29827,59000,66.6,34.3,51.8,,,,,60
34.6,40534,20217,30334,60000,64.1,34.6,50.7,,,,,61
32.2,41198,20539,30819,61000,66.4,32.2,48.5,,,,,62
32.4,41871,20863,31335,62000,67.3,32.4,51.6,,,,,63
36,42522,21223,31849,63000,65.1,36,51.4,,,,,64
34.5,43182,21568,32361,64000,66,34.5,51.2,,,,,65
36.9,43837,21937,32860,65000,65.5,36.9,49.9,,,,,66
34.7,44520,22284,33355,66000,68.3,34.7,49.5,,,,,67
31.1,45157,22595,33876,67000,63.7,31.1,52.1,,,,,68
31.1,45842,22906,34350,68000,68.5,31.1,47.4,,,,,69
32.9,46500,23235,34854,69000,65.8,32.9,50.4,,,,,70
35,47148,23585,35348,70000,64.8,35,49.4,,,,,71
33.3,47826,23918,35858,71000,67.8,33.3,51,,,,,72
33.4,48483,24252,36364,72000,65.7,33.4,50.6,,,,,73
36,49145,24612,36856,73000,66.2,36,49.2,,,,,74
36,49791,24972,37346,74000,64.6,36,49,,,,,75
34.3,50455,25315,37833,75000,66.4,34.3,48.7,,,,,76
32.5,51106,25640,38358,76000,65.1,32.5,52.5,,,,,77
34.1,51803,25981,38874,77000,69.7,34.1,51.6,,,,,78
31.3,52464,26294,39367,78000,66.1,31.3,49.3,,,,,79
32.4,53144,26618,39859,79000,68,32.4,49.2,,,,,80
33.9,53825,26957,40366,80000,68.1,33.9,50.7,,,,,81
35.2,54486,27309,40862,81000,66.1,35.2,49.6,,,,,82
31.9,55148,27628,41371,82000,66.2,31.9,50.9,,,,,83
32,55818,27948,41876,83000,67,32,50.5,,,,,84
34.4,56477,28292,42344,84000,65.9,34.4,46.8,,,,,85
33.5,57118,28627,42854,85000,64.1,33.5,51,,,,,86
33,57773,28957,43360,86000,65.5,33,50.6,,,,,87
35.1,58452,29308,43855,87000,67.9,35.1,49.5,,,,,88
33.9,59141,29647,44346,88000,68.9,33.9,49.1,,,,,89
32.1,59807,29968,44846,89000,66.6,32.1,50,,,,,90
31.3,60473,30281,45363,90000,66.6,31.3,51.7,,,,,91
32.6,61164,30607,45846,91000,69.1,32.6,48.3,,,,,92
32.3,61824,30930,46348,92000,66,32.3,50.2,,,,,93
34.6,62526,31276,46846,93000,70.2,34.6,49.8,,,,,94
35.4,63200,31630,47320,94000,67.4,35.4,47.4,,,,,95
31.9,63875,31949,47819,95000,67.5,31.9,49.9,,,,,96
32.6,64537,32275,48310,96000,66.2,32.6,49.1,,,,,97
34.9,65227,32624,48825,97000,69,34.9,51.5,,,,,98
34.8,65906,32972,49345,98000,67.9,34.8,52,,,,,99
35,66580,33322,49856,99000,67.4,35,51.1,,,,,100
32.9,67228,33651,50352,100000,64.8,32.9,49.6,,,,,101
32.1,67875,33972,50848,101000,64.7,32.1,49.6,,,,,102
30.6,68539,34278,51343,102000,66.4,30.6,49.5,,,,,103
33.8,69174,34616,51841,103000,63.5,33.8,49.8,,,,,104
35.3,69835,34969,52354,104000,66.1,35.3,51.3,,,,,105
36,70501,35329,52869,105000,66.6,36,51.5,,,,,106
33.4,71166,35663,53361,106000,66.5,33.4,49.2,,,,,107
30.9,71819,35972,53869,107000,65.3,30.9,50.8,,,,,108
34.9,72471,36321,54355,108000,65.2,34.9,48.6,,,,,109
30.7,73148,36628,54859,109000,67.7,30.7,50.4,,,,,110
32.4,73779,36952,55359,110000,63.1,32.4,50,,,,,111
32.4,74442,37276,55841,111000,66.3,32.4,48.2,,,,,112
32.8,75095,37604,56311,112000,65.3,32.8,47,,,,,113
31.3,75763,37917,56817,113000,66.8,31.3,50.6,,,,,114
34.2,76429,38259,57283,114000,66.6,34.2,46.6,,,,,115
31.3,77085,38572,57769,115000,65.6,31.3,48.6,,,,,116
33.8,77748,38910,58290,116000,66.3,33.8,52.1,,,,,117
35,78418,39260,58809,117000,67,35,51.9,,,,,118
34.2,79078,39602,59297,118000,66,34.2,48.8,,,,,119
32.5,79733,39927,59772,119000,65.5,32.5,47.5,,,,,120
34.2,80417,40269,60260,120000,68.4,34.2,48.8,,,,,121
34.4,81088,40613,60771,121000,67.1,34.4,51.1,,,,,122
34.4,81757,40957,61280,122000,66.9,34.4,50.9,,,,,123
32.4,82421,41281,61796,123000,66.4,32.4,51.6,,,,,124
32.4,83099,41605,62285,124000,67.8,32.4,48.9,,,,,125
34.9,83771,41954,62793,125000,67.2,34.9,50.8,,,,,126
31.8,84444,42272,63311,126000,67.3,31.8,51.8,,,,,127
32.8,85112,42600,63812,127000,66.8,32.8,50.1,,,,,128
32.2,85785,42922,64302,128000,67.3,32.2,49,,,,,129
35.3,86465,43275,64787,129000,68,35.3,48.5,,,,,130
35.6,87122,43631,65270,130000,65.7,35.6,48.3,,,,,131
35.8,87764,43989,65776,131000,64.2,35.8,50.6,,,,,132
35.3,88441,44342,66287,132000,67.7,35.3,51.1,,,,,133
32.1,89116,44663,66798,133000,67.5,32.1,51.1,,,,,134
33.2,89786,44995,67299,134000,67,33.2,50.1,,,,,135
32.4,90458,45319,67798,135000,67.2,32.4,49.9,,,,,136
31.9,91106,45638,68259,136000,64.8,31.9,46.1,,,,,137
34.8,91765,45986,68745,137000,65.9,34.8,48.6,,,,,138
36,92416,46346,69262,138000,65.1,36,51.7,,,,,139
33.5,93088,46681,69764,139000,67.2,33.5,50.2,,,,,140
33.5,93754,47016,70269,140000,66.6,33.5,50.5,,,,,141
34.5,94422,47361,70769,141000,66.8,34.5,50,,,,,142
31.8,95091,47679,71270,142000,66.9,31.8,50.1,,,,,143
32.4,95763,48003,71747,143000,67.2,32.4,47.7,,,,,144
35,96408,48353,72255,144000,64.5,35,50.8,,,,,145
31.3,97046,48666,72767,145000,63.8,31.3,51.2,,,,,146
33.6,97731,49002,73277,146000,68.5,33.6,51,,,,,147
32.1,98421,49323,73779,147000,69,32.1,50.2,,,,,148
33.1,99066,49654,74269,148000,64.5,33.1,49,,,,,149
34.4,99739,49998,74762,149000,67.3,34.4,49.3,,,,,150
33,100443,50328,75282,150000,70.4,33,52,,,,,151
34.5,101118,50673,75810,151000,67.5,34.5,52.8,,,,,152
30,101785,50973,76297,152000,66.7,30,48.7,,,,,153
32.9,102463,51302,76797,153000,67.8,32.9,50,,,,,154
32.7,103115,51629,77286,154000,65.2,32.7,48.9,,,,,155
35.9,103778,51988,77787,155000,66.3,35.9,50.1,,,,,156
32,104447,52308,78283,156000,66.9,32,49.6,,,,,157
33.9,105117,52647,78789,157000,67,33.9,50.6,,,,,158
33,105827,52977,79281,158000,71,33,49.2,,,,,159
31.8,106483,53295,79770,159000,65.6,31.8,48.9,,,,,160
30.5,107153,53600,80304,160000,67,30.5,53.4,,,,,161
35.2,107811,53952,80798,161000,65.8,35.2,49.4,,,,,162
35,108465,54302,81325,162000,65.4,35,52.7,,,,,163
33.7,109121,54639,81795,163000,65.6,33.7,47,,,,,164
34.5,109791,54984,82313,164000,67,34.5,51.8,,,,,165
33.7,110465,55321,82786,165000,67.4,33.7,47.3,,,,,166
33.5,111147,55656,83286,166000,68.2,33.5,50,,,,,167
33.3,111798,55989,83770,167000,65.1,33.3,48.4,,,,,168
33.7,112478,56326,84269,168000,68,33.7,49.9,,,,,169
32.9,113150,56655,84786,169000,67.2,32.9,51.7,,,,,170
34.7,113795,57002,85284,170000,64.5,34.7,49.8,,,,,171
34.1,114464,57343,85787,171000,66.9,34.1,50.3,,,,,172
31.5,115131,57658,86277,172000,66.7,31.5,49,,,,,173
29.5,115781,57953,86792,173000,65,29.5,51.5,,,,,174
33.8,116433,58291,87315,174000,65.2,33.8,52.3,,,,,175
34.8,117099,58639,87818,175000,66.6,34.8,50.3,,,,,176
33.9,117787,58978,88337,176000,68.8,33.9,51.9,,,,,177
31.1,118433,59289,88851,177000,64.6,31.1,51.4,,,,,178
35.9,119093,59648,89358,178000,66,35.9,50.7,,,,,179
33,119765,59978,89873,179000,67.2,33,51.5,,,,,180
30,120406,60278,90336,180000,64.1,30,46.3,,,,,181
32.2,121079,60600,90844,181000,67.3,32.2,50.8,,,,,182
32.5,121754,60925,91354,182000,67.5,32.5,51,,,,,183
31.5,122407,61240,91897,183000,65.3,31.5,54.3,,,,,184
32.3,123053,61563,92373,184000,64.6,32.3,47.6,,,,,185
32.1,123693,61884,92875,185000,64,32.1,50.2,,,,,186
32.6,124358,62210,93381,186000,66.5,32.6,50.6,,,,,187
34.6,125033,62556,93875,187000,67.5,34.6,49.4,,,,,188
32.3,125714,62879,94367,188000,68.1,32.3,49.2,,,,,189
32.1,126366,63200,94874,189000,65.2,32.1,50.7,,,,,190
34.5,127041,63545,95361,190000,67.5,34.5,48.7,,,,,191
31.9,127680,63864,95862,191000,63.9,31.9,50.1,,,,,192
31,128368,64174,96365,192000,68.8,31,50.3,,,,,193
31.8,129046,64492,96852,193000,67.8,31.8,48.7,,,,,194
34.2,129729,64834,97337,194000,68.3,34.2,48.5,,,,,195
33,130390,65164,97821,195000,66.1,33,48.4,,,,,196
30.3,131061,65467,98331,196000,67.1,30.3,51,,,,,197
32.6,131703,65793,98825,197000,64.2,32.6,49.4,,,,,198
34.9,132369,66142,99339,198000,66.6,34.9,51.4,,,,,199
34.3,133065,66485,99831,199000,69.6,34.3,49.2,,,,,200
30.5,133719,66790,100323,200000,65.4,30.5,49.2,,,,,201
32,134407,67110,100793,201000,68.8,32,47,,,,,202
31,135083,67420,101297,202000,67.6,31,50.4,,,,,203
35.4,135747,67774,101784,203000,66.4,35.4,48.7,,,,,204
33.6,136429,68110,102284,204000,68.2,33.6,50,,,,,205
34.1,137119,68451,102792,205000,69,34.1,50.8,,,,,206
32.4,137774,68775,103305,206000,65.5,32.4,51.3,,,,,207
33.9,138435,69114,103799,207000,66.1,33.9,49.4,,,,,208
35.9,139097,69473,104280,208000,66.2,35.9,48.1,,,,,209
33.2,139765,69805,104772,209000,66.8,33.2,49.2,,,,,210
34.6,140433,70151,105267,210000,66.8,34.6,49.5,,,,,211
33.5,141092,70486,105788,211000,65.9,33.5,52.1,,,,,212
34.6,141746,70832,106287,212000,65.4,34.6,49.9,,,,,213
34.8,142418,71180,106793,213000,67.2,34.8,50.6,,,,,214
33.8,143099,71518,107301,214000,68.1,33.8,50.8,,,,,215
33.5,143746,71853,107787,215000,64.7,33.5,48.6,,,,,216
32.9,144405,72182,108274,216000,65.9,32.9,48.7,,,,,217
33.5,145066,72517,108815,217000,66.1,33.5,54.1,,,,,218
31,145717,72827,109299,218000,65.1,31,48.4,,,,,219
31.7,146394,73144,109804,219000,67.7,31.7,50.5,,,,,220
33.1,147065,73475,110293,220000,67.1,33.1,48.9,,,,,221
31.8,147736,73793,110812,221000,67.1,31.8,51.9,,,,,222
33.4,148391,74127,111324,222000,65.5,33.4,51.2,,,,,223
33,149054,74457,111813,223000,66.3,33,48.9,,,,,224
34.5,149743,74802,112322,224000,68.9,34.5,50.9,,,,,225
32.6,150418,75128,112818,225000,67.5,32.6,49.6,,,,,226
35.4,151091,75482,113308,226000,67.3,35.4,49,,,,,227
33.8,151769,75820,113798,227000,67.8,33.8,49,,,,,228
32.1,152434,76141,114300,228000,66.5,32.1,50.2,,,,,229
33.9,153108,76480,114818,229000,67.4,33.9,51.8,,,,,230
33.4,153789,76814,115302,230000,68.1,33.4,48.4,,,,,231
32,154441,77134,115774,231000,65.2,32,47.2,,,,,232
31.8,155112,77452,116297,232000,67.1,31.8,52.3,,,,,233
34.6,155794,77798,116799,233000,68.2,34.6,50.2,,,,,234
34.1,156450,78139,117314,234000,65.6,34.1,51.5,,,,,235
35.3,157121,78492,117806,235000,67.1,35.3,49.2,,,,,236
30.6,157790,78798,118303,236000,66.9,30.6,49.7,,,,,237
33.8,158473,79136,118790,237000,68.3,33.8,48.7,,,,,238
33.8,159135,79474,119308,238000,66.2,33.8,51.8,,,,,239
37.5,159797,79849,119811,239000,66.2,37.5,50.3,,,,,240
34.4,160457,80193,120334,240000,66,34.4,52.3,,,,,241
34.2,161117,80535,120838,241000,66,34.2,50.4,,,,,242
33.9,161776,80874,121351,242000,65.9,33.9,51.3,,,,,243
33.9,162454,81213,121833,243000,67.8,33.9,48.2,,,,,244
32.1,163110,81534,122313,244000,65.6,32.1,48,,,,,245
35.1,163799,81885,122808,245000,68.9,35.1,49.5,,,,,246
32.4,164473,82209,123292,246000,67.4,32.4,48.4,,,,,247
32.4,165136,82533,123807,247000,66.3,32.4,51.5,,,,,248
33.5,165811,82868,124309,248000,67.5,33.5,50.2,,,,,249
32.1,166490,83189,124787,249000,67.9,32.1,47.8,,,,,250
33.3,167163,83522,125308,250000,67.3,33.3,52.1,,,,,251
31.4,167843,83836,125806,251000,68,31.4,49.8,,,,,252
34.2,168496,84178,126325,252000,65.3,34.2,51.9,,,,,253
31.4,169177,84492,126825,253000,68.1,31.4,50,,,,,254
33.5,169837,84827,127305,254000,66,33.5,48,,,,,255
32.8,170505,85155,127769,255000,66.8,32.8,46.4,,,,,256
31.3,171193,85468,128271,256000,68.8,31.3,50.2,,,,,257
33.6,171858,85804,128768,257000,66.5,33.6,49.7,,,,,258
33.5,172528,86139,129260,258000,67,33.5,49.2,,,,,259
31.8,173203,86457,129767,259000,67.5,31.8,50.7,,,,,260
31.7,173853,86774,130248,260000,65,31.7,48.1,,,,,261
34.2,174537,87116,130757,261000,68.4,34.2,50.9,,,,,262
32.4,175223,87440,131274,262000,68.6,32.4,51.7,,,,,263
30.5,175892,87745,131779,263000,66.9,30.5,50.5,,,,,264
31.1,176566,88056,132282,264000,67.4,31.1,50.3,,,,,265
32.2,177213,88378,132789,265000,64.7,32.2,50.7,,,,,266
33.9,177901,88717,133280,266000,68.8,33.9,49.1,,,,,267
32.1,178554,89038,133775,267000,65.3,32.1,49.5,,,,,268
33.2,179198,89370,134260,268000,64.4,33.2,48.5,,,,,269
33.7,179875,89707,134755,269000,67.7,33.7,49.5,,,,,270
32.5,180535,90032,135270,270000,66,32.5,51.5,,,,,271
35.1,181203,90383,135780,271000,66.8,35.1,51,,,,,272
30.7,181884,90690,136255,272000,68.1,30.7,47.5,,,,,273
32,182556,91010,136756,273000,67.2,32,50.1,,,,,274
35.8,183245,91368,137264,274000,68.9,35.8,50.8,,,,,275
32.1,183929,91689,137771,275000,68.4,32.1,50.7,,,,,276
34.9,184582,92038,138285,276000,65.3,34.9,51.4,,,,,277
35.3,185233,92391,138778,277000,65.1,35.3,49.3,,,,,278
35.4,185903,92745,139289,278000,67,35.4,51.1,,,,,279
33.9,186570,93084,139808,279000,66.7,33.9,51.9,,,,,280
36.9,187238,93453,140292,280000,66.8,36.9,48.4,,,,,281
32,187903,93773,140790,281000,66.5,32,49.8,,,,,282
33.5,188583,94108,141271,282000,68,33.5,48.1,,,,,283
34,189250,94448,141793,283000,66.7,34,52.2,,,,,284
29.9,189910,94747,142299,284000,66,29.9,50.6,,,,,285
33.7,190563,95084,142794,285000,65.3,33.7,49.5,,,,,286
31.7,191187,95401,143299,286000,62.4,31.7,50.5,,,,,287
31.8,191881,95719,143795,287000,69.4,31.8,49.6,,,,,288
33,192535,96049,144255,288000,65.4,33,46,,,,,289
34.3,193197,96392,144756,289000,66.2,34.3,50.1,,,,,290
33.1,193851,96723,145242,290000,65.4,33.1,48.6,,,,,291
32.3,194498,97046,145743,291000,64.7,32.3,50.1,,,,,292
34.1,195180,97387,146279,292000,68.2,34.1,53.6,,,,,293
29.3,195867,97680,146769,293000,68.7,29.3,49,,,,,294
35.9,196523,98039,147280,294000,65.6,35.9,51.1,,,,,295
35,197180,98389,147795,295000,65.7,35,51.5,,,,,296
31.3,197830,98702,148282,296000,65,31.3,48.7,,,,,297
32.5,198524,99027,148778,297000,69.4,32.5,49.6,,,,,298
32.9,199196,99356,149274,298000,67.2,32.9,49.6,,,,,299
32.5,199836,99681,149772,299000,64,32.5,49.8,,,,,300
34.9,200496,100030,150281,300000,66,34.9,50.9,,,,,301
35.8,201170,100388,150802,301000,67.4,35.8,52.1,,,,,302
33.5,201847,100723,151321,302000,67.7,33.5,51.9,,,,,303
33,202514,101053,151820,303000,66.7,33,49.9,,,,,304
34.1,203178,101394,152320,304000,66.4,34.1,50,,,,,305
33.9,203846,101733,152818,305000,66.8,33.9,49.8,,,,,306
32.5,204482,102058,153330,306000,63.6,32.5,51.2,,,,,307
36,205138,102418,153837,307000,65.6,36,50.7,,,,,308
33.6,205784,102754,154341,308000,64.6,33.6,50.4,,,,,309
32.8,206451,103082,154813,309000,66.7,32.8,47.2,,,,,310
34.5,207127,103427,155333,310000,67.6,34.5,52,,,,,311
33.2,207797,103759,155840,311000,67,33.2,50.7,,,,,312
31.2,208448,104071,156347,312000,65.1,31.2,50.7,,,,,313
36.1,209126,104432,156865,313000,67.8,36.1,51.8,,,,,314
30.9,209777,104741,157346,314000,65.1,30.9,48.1,,,,,315
34,210410,105081,157837,315000,63.3,34,49.1,,,,,316
31.4,211089,105395,158329,316000,67.9,31.4,49.2,,,,,317
34.3,211715,105738,158833,317000,62.6,34.3,50.4,,,,,318
32.3,212406,106061,159340,318000,69.1,32.3,50.7,,,,,319
31.2,213062,106373,159818,319000,65.6,31.2,47.8,,,,,320
31.9,213740,106692,160312,320000,67.8,31.9,49.4,,,,,321
35.3,214391,107045,160829,321000,65.1,35.3,51.7,,,,,322
32.5,215051,107370,161334,322000,66,32.5,50.5,,,,,323
32.3,215739,107693,161834,323000,68.8,32.3,50,,,,,324
33.3,216434,108026,162337,324000,69.5,33.3,50.3,,,,,325
31.7,217091,108343,162841,325000,65.7,31.7,50.4,,,,,326
33,217741,108673,163333,326000,65,33,49.2,,,,,327
29.8,218419,108971,163830,327000,67.8,29.8,49.7,,,,,328
31.6,219111,109287,164334,328000,69.2,31.6,50.4,,,,,329
32.1,219789,109608,164790,329000,67.8,32.1,45.6,,,,,330
33.6,220467,109944,165263,330000,67.8,33.6,47.3,,,,,331
32.9,221137,110273,165782,331000,67,32.9,51.9,,,,,332
32.1,221803,110594,166251,332000,66.6,32.1,46.9,,,,,333
30.2,222466,110896,166754,333000,66.3,30.2,50.3,,,,,334
32.3,223131,111219,167262,334000,66.5,32.3,50.8,,,,,335
30.5,223827,111524,167772,335000,69.6,30.5,51,,,,,336
33.7,224500,111861,168279,336000,67.3,33.7,50.7,,,,,337
36.1,225177,112222,168759,337000,67.7,36.1,48,,,,,338
34.1,225847,112563,169288,338000,67,34.1,52.9,,,,,339
34.2,226505,112905,169784,339000,65.8,34.2,49.6,,,,,340
33,227174,113235,170283,340000,66.9,33,49.9,,,,,341
33.2,227833,113567,170804,341000,65.9,33.2,52.1,,,,,342
33.4,228507,113901,171327,342000,67.4,33.4,52.3,,,,,343
32.3,229157,114224,171823,343000,65,32.3,49.6,,,,,344
33.6,229847,114560,172304,344000,69,33.6,48.1,,,,,345
30.3,230493,114863,172774,345000,64.6,30.3,47,,,,,346
32.8,231140,115191,173274,346000,64.7,32.8,50,,,,,347
32.9,231785,115520,173796,347000,64.5,32.9,52.2,,,,,348
33,232449,115850,174300,348000,66.4,33,50.4,,,,,349
32.1,233118,116171,174783,349000,66.9,32.1,48.3,,,,,350
31.9,233761,116490,175250,350000,64.3,31.9,46.7,,,,,351
34.1,234434,116831,175774,351000,67.3,34.1,52.4,,,,,352
35.4,235079,117185,176299,352000,64.5,35.4,52.5,,,,,353
31.7,235734,117502,176802,353000,65.5,31.7,50.3,,,,,354
34.4,236414,117846,177293,354000,68,34.4,49.1,,,,,355
35.9,237048,118205,177772,355000,63.4,35.9,47.9,,,,,356
32.1,237709,118526,178276,356000,66.1,32.1,50.4,,,,,357
31,238359,118836,178791,357000,65,31,51.5,,,,,358
30.8,239029,119144,179313,358000,67,30.8,52.2,,,,,359
31.6,239680,119460,179839,359000,65.1,31.6,52.6,,,,,360
34.5,240351,119805,180350,360000,67.1,34.5,51.1,,,,,361
31.6,240991,120121,180859,361000,64,31.6,50.9,,,,,362
32.9,241651,120450,181353,362000,66,32.9,49.4,,,,,363
32.9,242287,120779,181837,363000,63.6,32.9,48.4,,,,,364
32.7,242959,121106,182359,364000,67.2,32.7,52.2,,,,,365
33.5,243632,121441,182860,365000,67.3,33.5,50.1,,,,,366
32.4,244290,121765,183355,366000,65.8,32.4,49.5,,,,,367
35.2,244955,122117,183900,367000,66.5,35.2,54.5,,,,,368
35.5,245622,122472,184381,368000,66.7,35.5,48.1,,,,,369
34.4,246293,122816,184886,369000,67.1,34.4,50.5,,,,,370
34.6,246957,123162,185402,370000,66.4,34.6,51.6,,,,,371
34.3,247626,123505,185874,371000,66.9,34.3,47.2,,,,,372
33,248290,123835,186376,372000,66.4,33,50.2,,,,,373
35.6,248961,124191,186843,373000,67.1,35.6,46.7,,,,,374
35.4,249627,124545,187341,374000,66.6,35.4,49.8,,,,,375
32.4,250323,124869,187849,375000,69.6,32.4,50.8,,,,,376
32.4,250988,125193,188330,376000,66.5,32.4,48.1,,,,,377
34.6,251666,125539,188832,377000,67.8,34.6,50.2,,,,,378
34.5,252325,125884,189332,378000,65.9,34.5,50,,,,,379
36,253025,126244,189813,379000,70,36,48.1,,,,,380
34.1,253660,126585,190316,380000,63.5,34.1,50.3,,,,,381
32.7,254314,126912,190826,381000,65.4,32.7,51,,,,,382
33.1,254972,127243,191310,382000,65.8,33.1,48.4,,,,,383
31.4,255628,127557,191823,383000,65.6,31.4,51.3,,,,,384
34.4,256290,127901,192317,384000,66.2,34.4,49.4,,,,,385
33.8,256959,128239,192818,385000,66.9,33.8,50.1,,,,,386
33.6,257628,128575,193296,386000,66.9,33.6,47.8,,,,,387
33.4,258298,128909,193801,387000,67,33.4,50.5,,,,,388
34.2,258986,129251,194315,388000,68.8,34.2,51.4,,,,,389
31.1,259680,129562,194816,389000,69.4,31.1,50.1,,,,,390
34.7,260370,129909,195336,390000,69,34.7,52,,,,,391
33.5,261031,130244,195823,391000,66.1,33.5,48.7,,,,,392
34.2,261729,130586,196319,392000,69.8,34.2,49.6,,,,,393
32.9,262407,130915,196822,393000,67.8,32.9,50.3,,,,,394
31.3,263093,131228,197304,394000,68.6,31.3,48.2,,,,,395
32.6,263762,131554,197801,395000,66.9,32.6,49.7,,,,,396
31.7,264415,131871,198295,396000,65.3,31.7,49.4,,,,,397
35.7,265041,132228,198800,397000,62.6,35.7,50.5,,,,,398
34.3,265734,132571,199277,398000,69.3,34.3,47.7,,,,,399
34.6,266427,132917,199789,399000,69.3,34.6,51.2,,,,,400
33,267085,133247,200277,400000,65.8,33,48.8,,,,,401
34,267739,133587,200781,401000,65.4,34,50.4,,,,,402
32.3,268420,133910,201274,402000,68.1,32.3,49.3,,,,,403
35,269086,134260,201793,403000,66.6,35,51.9,,,,,404
35.5,269764,134615,202297,404000,67.8,35.5,50.4,,,,,405
35.2,270397,134967,202794,405000,63.3,35.2,49.7,,,,,406
32.8,271071,135295,203294,406000,67.4,32.8,50,,,,,407
32.4,271773,135619,203778,407000,70.2,32.4,48.4,,,,,408
33.2,272460,135951,204312,408000,68.7,33.2,53.4,,,,,409
33.5,273128,136286,204809,409000,66.8,33.5,49.7,,,,,410
34.7,273798,136633,205278,410000,67,34.7,46.9,,,,,411
36.1,274464,136994,205764,411000,66.6,36.1,48.6,,,,,412
36.1,275112,137355,206270,412000,64.8,36.1,50.6,,,,,413
33.1,275793,137686,206768,413000,68.1,33.1,49.8,,,,,414
34.6,276467,138032,207280,414000,67.4,34.6,51.2,,,,,415
33.1,277160,138363,207769,415000,69.3,33.1,48.9,,,,,416
36.4,277834,138727,208278,416000,67.4,36.4,50.9,,,,,417
31.6,278507,139043,208783,417000,67.3,31.6,50.5,,,,,418
34.5,279175,139388,209292,418000,66.8,34.5,50.9,,,,,419
33.5,279830,139723,209763,419000,65.5,33.5,47.1,,,,,420
33.2,280505,140055,210261,420000,67.5,33.2,49.8,,,,,421
30.5,281171,140360,210777,421000,66.6,30.5,51.6,,,,,422
32.7,281845,140687,211301,422000,67.4,32.7,52.4,,,,,423
33.2,282504,141019,211800,423000,65.9,33.2,49.9,,,,,424
33.3,283175,141352,212306,424000,67.1,33.3,50.6,,,,,425
32.7,283862,141679,212814,425000,68.7,32.7,50.8,,,,,426
30.2,284529,141981,213315,426000,66.7,30.2,50.1,,,,,427
34.9,285180,142330,213795,427000,65.1,34.9,48,,,,,428
32.6,285822,142656,214299,428000,64.2,32.6,50.4,,,,,429
32,286480,142976,214824,429000,65.8,32,52.5,,,,,430
34.7,287117,143323,215339,430000,63.7,34.7,51.5,,,,,431
31.4,287794,143637,215826,431000,67.7,31.4,48.7,,,,,432
33.6,288458,143973,216353,432000,66.4,33.6,52.7,,,,,433
36.3,289117,144336,216825,433000,65.9,36.3,47.2,,,,,434
36.2,289769,144698,217337,434000,65.2,36.2,51.2,,,,,435
34.9,290438,145047,217851,435000,66.9,34.9,51.4,,,,,436
32,291116,145367,218336,436000,67.8,32,48.5,,,,,437
31.5,291765,145682,218852,437000,64.9,31.5,51.6,,,,,438
33.9,292444,146021,219366,438000,67.9,33.9,51.4,,,,,439
33.4,293082,146355,219876,439000,63.8,33.4,51,,,,,440
35.4,293755,146709,220362,440000,67.3,35.4,48.6,,,,,441
32.9,294436,147038,220879,441000,68.1,32.9,51.7,,,,,442
32.6,295113,147364,221379,442000,67.7,32.6,50,,,,,443
32.1,295763,147685,221891,443000,65,32.1,51.2,,,,,444
33,296433,148015,222375,444000,67,33,48.4,,,,,445
32.1,297144,148336,222886,445000,71.1,32.1,51.1,,,,,446
35.1,297804,148687,223359,446000,66,35.1,47.3,,,,,447
34.8,298456,149035,223885,447000,65.2,34.8,52.6,,,,,448
33,299121,149365,224355,448000,66.5,33,47,,,,,449
34.3,299794,149708,224854,449000,67.3,34.3,49.9,,,,,450
36.6,300456,150074,225355,450000,66.2,36.6,50.1,,,,,451
32.3,301116,150397,225878,451000,66,32.3,52.3,,,,,452
32.5,301759,150722,226374,452000,64.3,32.5,49.6,,,,,453
31.5,302457,151037,226880,453000,69.8,31.5,50.6,,,,,454
29.7,303127,151334,227404,454000,67,29.7,52.4,,,,,455
32.9,303803,151663,227898,455000,67.6,32.9,49.4,,,,,456
31,304480,151973,228386,456000,67.7,31,48.8,,,,,457
31.9,305127,152292,228874,457000,64.7,31.9,48.8,,,,,458
35.2,305781,152644,229386,458000,65.4,35.2,51.2,,,,,459
33.7,306455,152981,229887,459000,67.4,33.7,50.1,,,,,460
33.5,307129,153316,230395,460000,67.4,33.5,50.8,,,,,461
30.4,307772,153620,230869,461000,64.3,30.4,47.4,,,,,462
32.1,308443,153941,231354,462000,67.1,32.1,48.5,,,,,463
34.5,309121,154286,231863,463000,67.8,34.5,50.9,,,,,464
34,309781,154626,232383,464000,66,34,52,,,,,465
32.9,310460,154955,232857,465000,67.9,32.9,47.4,,,,,466
33.1,311119,155286,233361,466000,65.9,33.1,50.4,,,,,467
33.8,311796,155624,233882,467000,67.7,33.8,52.1,,,,,468
31.3,312457,155937,234383,468000,66.1,31.3,50.1,,,,,469
34.4,313131,156281,234861,469000,67.4,34.4,47.8,,,,,470
35.6,313785,156637,235380,470000,65.4,35.6,51.9,,,,,471
34.6,314452,156983,235881,471000,66.7,34.6,50.1,,,,,472
30.2,315088,157285,236404,472000,63.6,30.2,52.3,,,,,473
33.5,315746,157620,236910,473000,65.8,33.5,50.6,,,,,474
33.6,316418,157956,237429,474000,67.2,33.6,51.9,,,,,475
31.5,317062,158271,237928,475000,64.4,31.5,49.9,,,,,476
33.9,317724,158610,238419,476000,66.2,33.9,49.1,,,,,477
34.8,318389,158958,238923,477000,66.5,34.8,50.4,,,,,478
34.9,319045,159307,239429,478000,65.6,34.9,50.6,,,,,479
34.7,319733,159654,239933,479000,68.8,34.7,50.4,,,,,480
33.4,320408,159988,240437,480000,67.5,33.4,50.4,,,,,481
31.7,321085,160305,240918,481000,67.7,31.7,48.1,,,,,482
32.8,321760,160633,241402,482000,67.5,32.8,48.4,,,,,483
33,322402,160963,241905,483000,64.2,33,50.3,,,,,484
31.6,323082,161279,242395,484000,68,31.6,49,,,,,485
34.1,323770,161620,242874,485000,68.8,34.1,47.9,,,,,486
32.7,324405,161947,243364,486000,63.5,32.7,49,,,,,487
34.5,325056,162292,243863,487000,65.1,34.5,49.9,,,,,488
34.6,325717,162638,244391,488000,66.1,34.6,52.8,,,,,489
34.3,326370,162981,244886,489000,65.3,34.3,49.5,,,,,490
32.6,327062,163307,245401,490000,69.2,32.6,51.5,,,,,491
34.9,327729,163656,245897,491000,66.7,34.9,49.6,,,,,492
35.9,328398,164015,246384,492000,66.9,35.9,48.7,,,,,493
34.8,329046,164363,246883,493000,64.8,34.8,49.9,,,,,494
36.1,329689,164724,247367,494000,64.3,36.1,48.4,,,,,495
33.3,330326,165057,247847,495000,63.7,33.3,48,,,,,496
37.2,330999,165429,248352,496000,67.3,37.2,50.5,,,,,497
32.3,331627,165752,248877,497000,62.8,32.3,52.5,,,,,498
32,332287,166072,249380,498000,66,32,50.3,,,,,499
33.3,332939,166405,249864,499000,65.2,33.3,48.4,,,,,500
30.4,333585,166709,250353,500000,64.6,30.4,48.9,,,,,501
35.6,334240,167065,250844,501000,65.5,35.6,49.1,,,,,502
31.1,334895,167376,251334,502000,65.5,31.1,49,,,,,503
33.8,335589,167714,251837,503000,69.4,33.8,50.3,,,,,504
31,336253,168024,252328,504000,66.4,31,49.1,,,,,505
31,336921,168334,252849,505000,66.8,31,52.1,,,,,506
31.2,337559,168646,253372,506000,63.8,31.2,52.3,,,,,507
33.7,338215,168983,253886,507000,65.6,33.7,51.4,,,,,508
32.2,338894,169305,254388,508000,67.9,32.2,50.2,,,,,509
31.5,339534,169620,254916,509000,64,31.5,52.8,,,,,510
33.2,340183,169952,255389,510000,64.9,33.2,47.3,,,,,511
33.6,340875,170288,255916,511000,69.2,33.6,52.7,,,,,512
33,341511,170618,256409,512000,63.6,33,49.3,,,,,513
35.1,342220,170969,256899,513000,70.9,35.1,49,,,,,514
33.6,342884,171305,257404,514000,66.4,33.6,50.5,,,,,515
32.4,343572,171629,257895,515000,68.8,32.4,49.1,,,,,516
32,344239,171949,258392,516000,66.7,32,49.7,,,,,517
33.7,344906,172286,258865,517000,66.7,33.7,47.3,,,,,518
33.8,345562,172624,259379,518000,65.6,33.8,51.4,,,,,519
33.1,346208,172955,259867,519000,64.6,33.1,48.8,,,,,520
32.4,346870,173279,260376,520000,66.2,32.4,50.9,,,,,521
33.9,347534,173618,260859,521000,66.4,33.9,48.3,,,,,522
34.8,348212,173966,261328,522000,67.8,34.8,46.9,,,,,523
33.7,348867,174303,261820,523000,65.5,33.7,49.2,,,,,524
33.4,349517,174637,262329,524000,65,33.4,50.9,,,,,525
33.3,350183,174970,262838,525000,66.6,33.3,50.9,,,,,526
33,350862,175300,263337,526000,67.9,33,49.9,,,,,527
31.9,351552,175619,263824,527000,69,31.9,48.7,,,,,528
33.9,352218,175958,264319,528000,66.6,33.9,49.5,,,,,529
32,352897,176278,264805,529000,67.9,32,48.6,,,,,530
34.7,353556,176625,265298,530000,65.9,34.7,49.3,,,,,531
34.6,354241,176971,265817,531000,68.5,34.6,51.9,,,,,532
33.3,354897,177304,266310,532000,65.6,33.3,49.3,,,,,533
34.1,355561,177645,266817,533000,66.4,34.1,50.7,,,,,534
32.9,356217,177974,267290,534000,65.6,32.9,47.3,,,,,535
34.9,356898,178323,267800,535000,68.1,34.9,51,,,,,536
31.3,357562,178636,268280,536000,66.4,31.3,48,,,,,537
33,358220,178966,268783,537000,65.8,33,50.3,,,,,538
29.2,358891,179258,269259,538000,67.1,29.2,47.6,,,,,539
32.3,359587,179581,269759,539000,69.6,32.3,50,,,,,540
32.2,360258,179903,270270,540000,67.1,32.2,51.1,,,,,541
36.1,360951,180264,270767,541000,69.3,36.1,49.7,,,,,542
34,361615,180604,271269,542000,66.4,34,50.2,,,,,543
32.4,362250,180928,271759,543000,63.5,32.4,49,,,,,544
33,362927,181258,272256,544000,67.7,33,49.7,,,,,545
36.1,363566,181619,272760,545000,63.9,36.1,50.4,,,,,546
33,364243,181949,273236,546000,67.7,33,47.6,,,,,547
34.4,364920,182293,273744,547000,67.7,34.4,50.8,,,,,548
34.8,365611,182641,274215,548000,69.1,34.8,47.1,,,,,549
33.5,366279,182976,274738,549000,66.8,33.5,52.3,,,,,550
34.1,366954,183317,275257,550000,67.5,34.1,51.9,,,,,551
33,367636,183647,275726,551000,68.2,33,46.9,,,,,552
33.2,368288,183979,276228,552000,65.2,33.2,50.2,,,,,553
31.7,368951,184296,276737,553000,66.3,31.7,50.9,,,,,554
37.5,369631,184671,277252,554000,68,37.5,51.5,,,,,555
32.3,370307,184994,277773,555000,67.6,32.3,52.1,,,,,556
33.7,371004,185331,278275,556000,69.7,33.7,50.2,,,,,557
32.7,371682,185658,278785,557000,67.8,32.7,51,,,,,558
36.2,372353,186020,279273,558000,67.1,36.2,48.8,,,,,559
36.3,373038,186383,279765,559000,68.5,36.3,49.2,,,,,560
36,373716,186743,280230,560000,67.8,36,46.5,,,,,561
32.1,374355,187064,280701,561000,63.9,32.1,47.1,,,,,562
33.2,375056,187396,281204,562000,70.1,33.2,50.3,,,,,563
32.4,375734,187720,281684,563000,67.8,32.4,48,,,,,564
33.9,376392,188059,282178,564000,65.8,33.9,49.4,,,,,565
33.9,377071,188398,282709,565000,67.9,33.9,53.1,,,,,566
31.5,377730,188713,283187,566000,65.9,31.5,47.8,,,,,567
31.3,378414,189026,283693,567000,68.4,31.3,50.6,,,,,568
30.8,379041,189334,284178,568000,62.7,30.8,48.5,,,,,569
36.6,379703,189700,284687,569000,66.2,36.6,50.9,,,,,570
36,380358,190060,285189,570000,65.5,36,50.2,,,,,571
31.3,381046,190373,285680,571000,68.8,31.3,49.1,,,,,572
34.3,381681,190716,286170,572000,63.5,34.3,49,,,,,573
34.4,382349,191060,286669,573000,66.8,34.4,49.9,,,,,574
33.3,383018,191393,287148,574000,66.9,33.3,47.9,,,,,575
33.7,383671,191730,287645,575000,65.3,33.7,49.7,,,,,576
34.7,384334,192077,288152,576000,66.3,34.7,50.7,,,,,577
33.7,385011,192414,288636,577000,67.7,33.7,48.4,,,,,578
35.1,385697,192765,289126,578000,68.6,35.1,49,,,,,579
32.7,386363,193092,289613,579000,66.6,32.7,48.7,,,,,580
32.8,386997,193420,290093,580000,63.4,32.8,48,,,,,581
33.9,387663,193759,290595,581000,66.6,33.9,50.2,,,,,582
32.1,388337,194080,291089,582000,67.4,32.1,49.4,,,,,583
34.2,388988,194422,291606,583000,65.1,34.2,51.7,,,,,584
34.5,389667,194767,292100,584000,67.9,34.5,49.4,,,,,585
33.7,390309,195104,292586,585000,64.2,33.7,48.6,,,,,586
30.7,390995,195411,293068,586000,68.6,30.7,48.2,,,,,587
32.5,391666,195736,293565,587000,67.1,32.5,49.7,,,,,588
33.3,392335,196069,294046,588000,66.9,33.3,48.1,,,,,589
33.2,392969,196401,294505,589000,63.4,33.2,45.9,,,,,590
31.9,393634,196720,295014,590000,66.5,31.9,50.9,,,,,591
33.4,394301,197054,295487,591000,66.7,33.4,47.3,,,,,592
33.6,394944,197390,295943,592000,64.3,33.6,45.6,,,,,593
34.6,395588,197736,296447,593000,64.4,34.6,50.4,,,,,594
33.5,396238,198071,296931,594000,65,33.5,48.4,,,,,595
32.8,396915,198399,297451,595000,67.7,32.8,52,,,,,596
35.5,397614,198754,297922,596000,69.9,35.5,47.1,,,,,597
33.8,398302,199092,298442,597000,68.8,33.8,52,,,,,598
33.6,398976,199428,298955,598000,67.4,33.6,51.3,,,,,599
31.1,399632,199739,299450,599000,65.6,31.1,49.5,,,,,600
35,400312,200089,299954,600000,68,35,50.4,,,,,601
34.1,400962,200430,300461,601000,65,34.1,50.7,,,,,602
31.7,401612,200747,300952,602000,65,31.7,49.1,,,,,603
35.2,402290,201099,301435,603000,67.8,35.2,48.3,,,,,604
36.3,402948,201462,301922,604000,65.8,36.3,48.7,,,,,605
32.2,403608,201784,302441,605000,66,32.2,51.9,,,,,606
35.2,404269,202136,302954,606000,66.1,35.2,51.3,,,,,607
33.9,404950,202475,303452,607000,68.1,33.9,49.8,,,,,608
32.6,405616,202801,303944,608000,66.6,32.6,49.2,,,,,609
34,406267,203141,304450,609000,65.1,34,50.6,,,,,610
35.8,406926,203499,304944,610000,65.9,35.8,49.4,,,,,611
34.9,407605,203848,305442,611000,67.9,34.9,49.8,,,,,612
33.6,408252,204184,305968,612000,64.7,33.6,52.6,,,,,613
33.8,408925,204522,306475,613000,67.3,33.8,50.7,,,,,614
31.8,409581,204840,306982,614000,65.6,31.8,50.7,,,,,615
33.6,410281,205176,307499,615000,70,33.6,51.7,,,,,616
33.8,410931,205514,308031,616000,65,33.8,53.2,,,,,617
32.9,411600,205843,308532,617000,66.9,32.9,50.1,,,,,618
32.9,412244,206172,309033,618000,64.4,32.9,50.1,,,,,619
32.6,412925,206498,309549,619000,68.1,32.6,51.6,,,,,620
34,413595,206838,310035,620000,67,34,48.6,,,,,621
30.7,414236,207145,310538,621000,64.1,30.7,50.3,,,,,622
33.2,414914,207477,311017,622000,67.8,33.2,47.9,,,,,623
31.5,415565,207792,311514,623000,65.1,31.5,49.7,,,,,624
30.8,416204,208100,312035,624000,63.9,30.8,52.1,,,,,625
32.9,416880,208429,312565,625000,67.6,32.9,53,,,,,626
32.9,417538,208758,313059,626000,65.8,32.9,49.4,,,,,627
31.8,418221,209076,313540,627000,68.3,31.8,48.1,,,,,628
29.5,418924,209371,314051,628000,70.3,29.5,51.1,,,,,629
30.1,419579,209672,314524,629000,65.5,30.1,47.3,,,,,630
33.7,420237,210009,315032,630000,65.8,33.7,50.8,,,,,631
35.1,420938,210360,315529,631000,70.1,35.1,49.7,,,,,632
34.1,421627,210701,316063,632000,68.9,34.1,53.4,,,,,633
32.3,422329,211024,316571,633000,70.2,32.3,50.8,,,,,634
33.1,423013,211355,317084,634000,68.4,33.1,51.3,,,,,635
32.7,423675,211682,317575,635000,66.2,32.7,49.1,,,,,636
29.7,424355,211979,318064,636000,68,29.7,48.9,,,,,637
34.5,425031,212324,318554,637000,67.6,34.5,49,,,,,638
34,425692,212664,319057,638000,66.1,34,50.3,,,,,639
33.2,426358,212996,319559,639000,66.6,33.2,50.2,,,,,640
31.3,427035,213309,320050,640000,67.7,31.3,49.1,,,,,641
32.2,427700,213631,320548,641000,66.5,32.2,49.8,,,,,642
33.7,428401,213968,321020,642000,70.1,33.7,47.2,,,,,643
32,429084,214288,321521,643000,68.3,32,50.1,,,,,644
35,429738,214638,322055,644000,65.4,35,53.4,,,,,645
32.1,430437,214959,322581,645000,69.9,32.1,52.6,,,,,646
32.3,431109,215282,323108,646000,67.2,32.3,52.7,,,,,647
34.9,431763,215631,323614,647000,65.4,34.9,50.6,,,,,648
30.3,432436,215934,324092,648000,67.3,30.3,47.8,,,,,649
33.9,433100,216273,324591,649000,66.4,33.9,49.9,,,,,650
33.4,433748,216607,325084,650000,64.8,33.4,49.3,,,,,651
33.7,434436,216944,325547,651000,68.8,33.7,46.3,,,,,652
36.5,435110,217309,326038,652000,67.4,36.5,49.1,,,,,653
32.1,435770,217630,326555,653000,66,32.1,51.7,,,,,654
33.4,436439,217964,327053,654000,66.9,33.4,49.8,,,,,655
33.1,437097,218295,327553,655000,65.8,33.1,50,,,,,656
34.4,437750,218639,328024,656000,65.3,34.4,47.1,,,,,657
33.2,438383,218971,328562,657000,63.3,33.2,53.8,,,,,658
32.8,439065,219299,329026,658000,68.2,32.8,46.4,,,,,659
33.3,439755,219632,329538,659000,69,33.3,51.2,,,,,660
33.4,440407,219966,330045,660000,65.2,33.4,50.7,,,,,661
33.4,441067,220300,330539,661000,66,33.4,49.4,,,,,662
35,441736,220650,331035,662000,66.9,35,49.6,,,,,663
33.5,442429,220985,331529,663000,69.3,33.5,49.4,,,,,664
32,443089,221305,332032,664000,66,32,50.3,,,,,665
31.7,443737,221622,332562,665000,64.8,31.7,53,,,,,666
34.3,444399,221965,333045,666000,66.2,34.3,48.3,,,,,667
35,445062,222315,333533,667000,66.3,35,48.8,,,,,668
35.1,445723,222666,334023,668000,66.1,35.1,49,,,,,669
32.7,446394,222993,334526,669000,67.1,32.7,50.3,,,,,670
33.8,447069,223331,335023,670000,67.5,33.8,49.7,,,,,671
33.5,447734,223666,335511,671000,66.5,33.5,48.8,,,,,672
31,448415,223976,335999,672000,68.1,31,48.8,,,,,673
34.3,449100,224319,336494,673000,68.5,34.3,49.5,,,,,674
34.6,449783,224665,336999,674000,68.3,34.6,50.5,,,,,675
32.3,450452,224988,337489,675000,66.9,32.3,49,,,,,676
32.5,451101,225313,338005,676000,64.9,32.5,51.6,,,,,677
34.5,451777,225658,338520,677000,67.6,34.5,51.5,,,,,678
34.7,452435,226005,339031,678000,65.8,34.7,51.1,,,,,679
33.5,453090,226340,339518,679000,65.5,33.5,48.7,,,,,680
34.1,453752,226681,340001,680000,66.2,34.1,48.3,,,,,681
33.1,454443,227012,340486,681000,69.1,33.1,48.5,,,,,682
31.1,455121,227323,340973,682000,67.8,31.1,48.7,,,,,683
32.4,455818,227647,341488,683000,69.7,32.4,51.5,,,,,684
33.4,456515,227981,342005,684000,69.7,33.4,51.7,,,,,685
36.5,457169,228346,342519,685000,65.4,36.5,51.4,,,,,686
33.9,457855,228685,343013,686000,68.6,33.9,49.4,,,,,687
33,458485,229015,343495,687000,63,33,48.2,,,,,688
34.9,459146,229364,343961,688000,66.1,34.9,46.6,,,,,689
33.6,459778,229700,344469,689000,63.2,33.6,50.8,,,,,690
31.1,460473,230011,344976,690000,69.5,31.1,50.7,,,,,691
32.8,461143,230339,345478,691000,67,32.8,50.2,,,,,692
33.9,461799,230678,345985,692000,65.6,33.9,50.7,,,,,693
33.5,462467,231013,346478,693000,66.8,33.5,49.3,,,,,694
33.4,463138,231347,346987,694000,67.1,33.4,50.9,,,,,695
34.3,463813,231690,347491,695000,67.5,34.3,50.4,,,,,696
32.5,464483,232015,347992,696000,67,32.5,50.1,,,,,697
32.1,465139,232336,348438,697000,65.6,32.1,44.6,,,,,698
33,465818,232666,348938,698000,67.9,33,50,,,,,699
34.3,466468,233009,349434,699000,65,34.3,49.6,,,,,700
34,467120,233349,349929,700000,65.2,34,49.5,,,,,701
35.1,467799,233700,350463,701000,67.9,35.1,53.4,,,,,702
33.6,468466,234036,350964,702000,66.7,33.6,50.1,,,,,703
31.5,469127,234351,351446,703000,66.1,31.5,48.2,,,,,704
33.4,469784,234685,351939,704000,65.7,33.4,49.3,,,,,705
32,470475,235005,352457,705000,69.1,32,51.8,,,,,706
33.4,471127,235339,352975,706000,65.2,33.4,51.8,,,,,707
34.4,471806,235683,353496,707000,67.9,34.4,52.1,,,,,708
30.6,472483,235989,354014,708000,67.7,30.6,51.8,,,,,709
37.1,473164,236360,354516,709000,68.1,37.1,50.2,,,,,710
34.7,473813,236707,354988,710000,64.9,34.7,47.2,,,,,711
32.6,474486,237033,355498,711000,67.3,32.6,51,,,,,712
31.5,475124,237348,356004,712000,63.8,31.5,50.6,,,,,713
31.6,475808,237664,356529,713000,68.4,31.6,52.5,,,,,714
31.5,476461,237979,357036,714000,65.3,31.5,50.7,,,,,715
32.8,477113,238307,357527,715000,65.2,32.8,49.1,,,,,716
35.4,477777,238661,358033,716000,66.4,35.4,50.6,,,,,717
30.3,478430,238964,358559,717000,65.3,30.3,52.6,,,,,718
32.4,479121,239288,359052,718000,69.1,32.4,49.3,,,,,719
31.6,479814,239604,359552,719000,69.3,31.6,50,,,,,720
32.7,480476,239931,360037,720000,66.2,32.7,48.5,,,,,721
35.8,481156,240289,360531,721000,68,35.8,49.4,,,,,722
30.6,481830,240595,361041,722000,67.4,30.6,51,,,,,723
31,482510,240905,361534,723000,68,31,49.3,,,,,724
34.1,483173,241246,362054,724000,66.3,34.1,52,,,,,725
32.8,483853,241574,362539,725000,68,32.8,48.5,,,,,726
30.1,484498,241875,363033,726000,64.5,30.1,49.4,,,,,727
33.9,485151,242214,363524,727000,65.3,33.9,49.1,,,,,728
36.4,485815,242578,364011,728000,66.4,36.4,48.7,,,,,729
33.4,486487,242912,364521,729000,67.2,33.4,51,,,,,730
32.6,487155,243238,365027,730000,66.8,32.6,50.6,,,,,731
32.7,487825,243565,365511,731000,67,32.7,48.4,,,,,732
34.5,488500,243910,366023,732000,67.5,34.5,51.2,,,,,733
31.9,489151,244229,366538,733000,65.1,31.9,51.5,,,,,734
32.3,489809,244552,367035,734000,65.8,32.3,49.7,,,,,735
31.4,490468,244866,367563,735000,65.9,31.4,52.8,,,,,736
32.5,491143,245191,368042,736000,67.5,32.5,47.9,,,,,737
30.1,491777,245492,368567,737000,63.4,30.1,52.5,,,,,738
32.3,492426,245815,369032,738000,64.9,32.3,46.5,,,,,739
31.6,493110,246131,369529,739000,68.4,31.6,49.7,,,,,740
34.5,493785,246476,370037,740000,67.5,34.5,50.8,,,,,741
33.1,494469,246807,370529,741000,68.4,33.1,49.2,,,,,742
34,495153,247147,371019,742000,68.4,34,49,,,,,743
35.3,495827,247500,371515,743000,67.4,35.3,49.6,,,,,744
32.5,496493,247825,372020,744000,66.6,32.5,50.5,,,,,745
33.1,497153,248156,372545,745000,66,33.1,52.5,,,,,746
32.3,497832,248479,373049,746000,67.9,32.3,50.4,,,,,747
31.8,498498,248797,373536,747000,66.6,31.8,48.7,,,,,748
34.1,499166,249138,374033,748000,66.8,34.1,49.7,,,,,749
33.4,499836,249472,374496,749000,67,33.4,46.3,,,,,750
33.7,500496,249809,375000,750000,66,33.7,50.4,,,,,751
35.1,501163,250160,375485,751000,66.7,35.1,48.5,,,,,752
31.7,501836,250477,375996,752000,67.3,31.7,51.1,,,,,753
32.9,502502,250806,376474,753000,66.6,32.9,47.8,,,,,754
33.6,503158,251142,376965,754000,65.6,33.6,49.1,,,,,755
33.6,503842,251478,377480,755000,68.4,33.6,51.5,,,,,756
33,504510,251808,378001,756000,66.8,33,52.1,,,,,757
30.5,505182,252113,378505,757000,67.2,30.5,50.4,,,,,758
33.5,505842,252448,379016,758000,66,33.5,51.1,,,,,759
31.6,506506,252764,379527,759000,66.4,31.6,51.1,,,,,760
33.1,507182,253095,380030,760000,67.6,33.1,50.3,,,,,761
33.7,507839,253432,380525,761000,65.7,33.7,49.5,,,,,762
33.9,508515,253771,381041,762000,67.6,33.9,51.6,,,,,763
35.6,509167,254127,381561,763000,65.2,35.6,52,,,,,764
31,509843,254437,382062,764000,67.6,31,50.1,,,,,765
33,510508,254767,382532,765000,66.5,33,47,,,,,766
33.1,511180,255098,383045,766000,67.2,33.1,51.3,,,,,767
32.5,511832,255423,383582,767000,65.2,32.5,53.7,,,,,768
35,512488,255773,384085,768000,65.6,35,50.3,,,,,769
33,513159,256103,384589,769000,67.1,33,50.4,,,,,770
33.4,513809,256437,385084,770000,65,33.4,49.5,,,,,771
33.3,514423,256770,385587,771000,61.4,33.3,50.3,,,,,772
32.2,515110,257092,386063,772000,68.7,32.2,47.6,,,,,773
34.5,515792,257437,386557,773000,68.2,34.5,49.4,,,,,774
34.4,516469,257781,387084,774000,67.7,34.4,52.7,,,,,775
33.4,517109,258115,387549,775000,64,33.4,46.5,,,,,776
34.2,517774,258457,388051,776000,66.5,34.2,50.2,,,,,777
32.8,518444,258785,388554,777000,67,32.8,50.3,,,,,778
31.2,519106,259097,389086,778000,66.2,31.2,53.2,,,,,779
34,519760,259437,389577,779000,65.4,34,49.1,,,,,780
32.2,520426,259759,390063,780000,66.6,32.2,48.6,,,,,781
34.4,521118,260103,390561,781000,69.2,34.4,49.8,,,,,782
33.2,521774,260435,391041,782000,65.6,33.2,48,,,,,783
34.2,522446,260777,391514,783000,67.2,34.2,47.3,,,,,784
33.8,523093,261115,392002,784000,64.7,33.8,48.8,,,,,785
33,523759,261445,392491,785000,66.6,33,48.9,,,,,786
32.6,524417,261771,392997,786000,65.8,32.6,50.6,,,,,787
34.4,525085,262115,393497,787000,66.8,34.4,50,,,,,788
31.8,525731,262433,393980,788000,64.6,31.8,48.3,,,,,789
32.6,526377,262759,394498,789000,64.6,32.6,51.8,,,,,790
34.7,527067,263106,394984,790000,69,34.7,48.6,,,,,791
32,527753,263426,395500,791000,68.6,32,51.6,,,,,792
35,528430,263776,395984,792000,67.7,35,48.4,,,,,793
33,529108,264106,396497,793000,67.8,33,51.3,,,,,794
30.9,529790,264415,397026,794000,68.2,30.9,52.9,,,,,795
36.2,530473,264777,397516,795000,68.3,36.2,49,,,,,796
34,531153,265117,398050,796000,68,34,53.4,,,,,797
32,531823,265437,398556,797000,67,32,50.6,,,,,798
32.3,532512,265760,399044,798000,68.9,32.3,48.8,,,,,799
32.2,533191,266082,399540,799000,67.9,32.2,49.6,,,,,800
32.3,533864,266405,400053,800000,67.3,32.3,51.3,,,,,801
31.7,534574,266722,400569,801000,71,31.7,51.6,,,,,802
32.4,535268,267046,401079,802000,69.4,32.4,51,,,,,803
31.2,535944,267358,401573,803000,67.6,31.2,49.4,,,,,804
32.4,536596,267682,402066,804000,65.2,32.4,49.3,,,,,805
34.4,537244,268026,402553,805000,64.8,34.4,48.7,,,,,806
35.9,537896,268385,403061,806000,65.2,35.9,50.8,,,,,807
34.8,538575,268733,403558,807000,67.9,34.8,49.7,,,,,808
35.6,539255,269089,404060,808000,68,35.6,50.2,,,,,809
32.2,539910,269411,404563,809000,65.5,32.2,50.3,,,,,810
32.9,540586,269740,405044,810000,67.6,32.9,48.1,,,,,811
34.6,541234,270086,405563,811000,64.8,34.6,51.9,,,,,812
30.6,541897,270392,406073,812000,66.3,30.6,51,,,,,813
32.8,542544,270720,406556,813000,64.7,32.8,48.3,,,,,814
33.6,543192,271056,407047,814000,64.8,33.6,49.1,,,,,815
34.4,543844,271400,407534,815000,65.2,34.4,48.7,,,,,816
30.5,544519,271705,408019,816000,67.5,30.5,48.5,,,,,817
32,545172,272025,408524,817000,65.3,32,50.5,,,,,818
31.4,545844,272339,409029,818000,67.2,31.4,50.5,,,,,819
31.3,546505,272652,409491,819000,66.1,31.3,46.2,,,,,820
32.8,547176,272980,410000,820000,67.1,32.8,50.9,,,,,821
31.4,547831,273294,410503,821000,65.5,31.4,50.3,,,,,822
36.3,548488,273657,410997,822000,65.7,36.3,49.4,,,,,823
35.3,549179,274010,411501,823000,69.1,35.3,50.4,,,,,824
32.3,549828,274333,411977,824000,64.9,32.3,47.6,,,,,825
32.3,550502,274656,412456,825000,67.4,32.3,47.9,,,,,826
32.9,551170,274985,412948,826000,66.8,32.9,49.2,,,,,827
35.4,551840,275339,413437,827000,67,35.4,48.9,,,,,828
32.8,552497,275667,413938,828000,65.7,32.8,50.1,,,,,829
32.7,553167,275994,414465,829000,67,32.7,52.7,,,,,830
33.3,553841,276327,414974,830000,67.4,33.3,50.9,,,,,831
32.7,554500,276654,415485,831000,65.9,32.7,51.1,,,,,832
32.8,555188,276982,415971,832000,68.8,32.8,48.6,,,,,833
31.9,555841,277301,416471,833000,65.3,31.9,50,,,,,834
34.6,556502,277647,416970,834000,66.1,34.6,49.9,,,,,835
32.6,557178,277973,417494,835000,67.6,32.6,52.4,,,,,836
31.2,557866,278285,417971,836000,68.8,31.2,47.7,,,,,837
32.9,558528,278614,418449,837000,66.2,32.9,47.8,,,,,838
36.2,559172,278976,418950,838000,64.4,36.2,50.1,,,,,839
36,559808,279336,419453,839000,63.6,36,50.3,,,,,840
33.7,560474,279673,419948,840000,66.6,33.7,49.5,,,,,841
34.2,561145,280015,420450,841000,67.1,34.2,50.2,,,,,842
32.1,561802,280336,420971,842000,65.7,32.1,52.1,,,,,843
36.6,562445,280702,421470,843000,64.3,36.6,49.9,,,,,844
32.4,563075,281026,421978,844000,63,32.4,50.8,,,,,845
36.6,563755,281392,422466,845000,68,36.6,48.8,,,,,846
33.3,564417,281725,422948,846000,66.2,33.3,48.2,,,,,847
31.8,565087,282043,423454,847000,67,31.8,50.6,,,,,848
33.4,565751,282377,423938,848000,66.4,33.4,48.4,,,,,849
37.7,566409,282754,424446,849000,65.8,37.7,50.8,,,,,850
34.1,567059,283095,424938,850000,65,34.1,49.2,,,,,851
35.6,567744,283451,425435,851000,68.5,35.6,49.7,,,,,852
32.1,568419,283772,425951,852000,67.5,32.1,51.6,,,,,853
35.7,569080,284129,426456,853000,66.1,35.7,50.5,,,,,854
34.3,569730,284472,426966,854000,65,34.3,51,,,,,855
33.6,570403,284808,427462,855000,67.3,33.6,49.6,,,,,856
34.1,571058,285149,427970,856000,65.5,34.1,50.8,,,,,857
31.4,571725,285463,428474,857000,66.7,31.4,50.4,,,,,858
32.6,572409,285789,428979,858000,68.4,32.6,50.5,,,,,859
32.8,573068,286117,429489,859000,65.9,32.8,51,,,,,860
34.9,573743,286466,429995,860000,67.5,34.9,50.6,,,,,861
33.3,574394,286799,430499,861000,65.1,33.3,50.4,,,,,862
34.5,575044,287144,431005,862000,65,34.5,50.6,,,,,863
33.5,575706,287479,431524,863000,66.2,33.5,51.9,,,,,864
33.3,576353,287812,432029,864000,64.7,33.3,50.5,,,,,865
34.9,577025,288161,432539,865000,67.2,34.9,51,,,,,866
34.9,577704,288510,433039,866000,67.9,34.9,50,,,,,867
31.7,578380,288827,433550,867000,67.6,31.7,51.1,,,,,868
33.6,579058,289163,434042,868000,67.8,33.6,49.2,,,,,869
32.5,579708,289488,434537,869000,65,32.5,49.5,,,,,870
34.8,580394,289836,435026,870000,68.6,34.8,48.9,,,,,871
34.2,581076,290178,435528,871000,68.2,34.2,50.2,,,,,872
34.1,581753,290519,436019,872000,67.7,34.1,49.1,,,,,873
34.4,582431,290863,436512,873000,67.8,34.4,49.3,,,,,874
32.2,583086,291185,436996,874000,65.5,32.2,48.4,,,,,875
32.3,583761,291508,437501,875000,67.5,32.3,50.5,,,,,876
34.7,584430,291855,437982,876000,66.9,34.7,48.1,,,,,877
30.6,585114,292161,438503,877000,68.4,30.6,52.1,,,,,878
32,585764,292481,438999,878000,65,32,49.6,,,,,879
34.1,586434,292822,439483,879000,67,34.1,48.4,,,,,880
32.9,587116,293151,439976,880000,68.2,32.9,49.3,,,,,881
35.5,587800,293506,440470,881000,68.4,35.5,49.4,,,,,882
33.9,588479,293845,440998,882000,67.9,33.9,52.8,,,,,883
34.3,589154,294188,441495,883000,67.5,34.3,49.7,,,,,884
31.4,589808,294502,442004,884000,65.4,31.4,50.9,,,,,885
31.6,590465,294818,442500,885000,65.7,31.6,49.6,,,,,886
32.8,591114,295146,443020,886000,64.9,32.8,52,,,,,887
33.1,591775,295477,443504,887000,66.1,33.1,48.4,,,,,888
32.4,592437,295801,444015,888000,66.2,32.4,51.1,,,,,889
33,593094,296131,444535,889000,65.7,33,52,,,,,890
34.8,593773,296479,445040,890000,67.9,34.8,50.5,,,,,891
33.8,594452,296817,445553,891000,67.9,33.8,51.3,,,,,892
34.3,595122,297160,446073,892000,67,34.3,52,,,,,893
32.5,595787,297485,446597,893000,66.5,32.5,52.4,,,,,894
35.7,596448,297842,447088,894000,66.1,35.7,49.1,,,,,895
33.3,597127,298175,447581,895000,67.9,33.3,49.3,,,,,896
33.6,597791,298511,448085,896000,66.4,33.6,50.4,,,,,897
30.6,598465,298817,448612,897000,67.4,30.6,52.7,,,,,898
33.1,599148,299148,449132,898000,68.3,33.1,52,,,,,899
33,599818,299478,449642,899000,67,33,51,,,,,900
33.9,600482,299817,450138,900000,66.4,33.9,49.6,,,,,901
33.5,601151,300152,450619,901000,66.9,33.5,48.1,,,,,902
32.1,601839,300473,451135,902000,68.8,32.1,51.6,,,,,903
33.1,602511,300804,451636,903000,67.2,33.1,50.1,,,,,904
33.8,603159,301142,452139,904000,64.8,33.8,50.3,,,,,905
28.8,603820,301430,452638,905000,66.1,28.8,49.9,,,,,906
34.2,604486,301772,453114,906000,66.6,34.2,47.6,,,,,907
35,605129,302122,453604,907000,64.3,35,49,,,,,908
31,605809,302432,454082,908000,68,31,47.8,,,,,909
31.9,606494,302751,454581,909000,68.5,31.9,49.9,,,,,910
36.8,607154,303119,455083,910000,66,36.8,50.2,,,,,911
33.6,607832,303455,455575,911000,67.8,33.6,49.2,,,,,912
34.1,608504,303796,456076,912000,67.2,34.1,50.1,,,,,913
35.9,609138,304155,456569,913000,63.4,35.9,49.3,,,,,914
32.4,609810,304479,457071,914000,67.2,32.4,50.2,,,,,915
36.5,610481,304844,457601,915000,67.1,36.5,53,,,,,916
33.7,611137,305181,458107,916000,65.6,33.7,50.6,,,,,917
32.4,611809,305505,458612,917000,67.2,32.4,50.5,,,,,918
32.3,612496,305828,459106,918000,68.7,32.3,49.4,,,,,919
30.7,613144,306135,459593,919000,64.8,30.7,48.7,,,,,920
34.3,613829,306478,460119,920000,68.5,34.3,52.6,,,,,921
33.4,614489,306812,460615,921000,66,33.4,49.6,,,,,922
34.2,615136,307154,461122,922000,64.7,34.2,50.7,,,,,923
33.2,615795,307486,461609,923000,65.9,33.2,48.7,,,,,924
34.9,616434,307835,462115,924000,63.9,34.9,50.6,,,,,925
34.8,617115,308183,462604,925000,68.1,34.8,48.9,,,,,926
32.9,617768,308512,463088,926000,65.3,32.9,48.4,,,,,927
31.6,618400,308828,463597,927000,63.2,31.6,50.9,,,,,928
36.8,619089,309196,464088,928000,68.9,36.8,49.1,,,,,929
35,619738,309546,464610,929000,64.9,35,52.2,,,,,930
35.5,620393,309901,465079,930000,65.5,35.5,46.9,,,,,931
33.3,621057,310234,465589,931000,66.4,33.3,51,,,,,932
32.2,621746,310556,466090,932000,68.9,32.2,50.1,,,,,933
31.9,622423,310875,466597,933000,67.7,31.9,50.7,,,,,934
31.9,623092,311194,467093,934000,66.9,31.9,49.6,,,,,935
31.8,623758,311512,467609,935000,66.6,31.8,51.6,,,,,936
33.7,624434,311849,468106,936000,67.6,33.7,49.7,,,,,937
33.8,625119,312187,468621,937000,68.5,33.8,51.5,,,,,938
30.3,625788,312490,469128,938000,66.9,30.3,50.7,,,,,939
33,626465,312820,469616,939000,67.7,33,48.8,,,,,940
32.8,627139,313148,470114,940000,67.4,32.8,49.8,,,,,941
33.3,627819,313481,470624,941000,68,33.3,51,,,,,942
31.5,628498,313796,471119,942000,67.9,31.5,49.5,,,,,943
33.3,629184,314129,471609,943000,68.6,33.3,49,,,,,944
35.2,629880,314481,472100,944000,69.6,35.2,49.1,,,,,945
32.5,630554,314806,472597,945000,67.4,32.5,49.7,,,,,946
30.9,631225,315115,473093,946000,67.1,30.9,49.6,,,,,947
32,631907,315435,473585,947000,68.2,32,49.2,,,,,948
34.1,632550,315776,474073,948000,64.3,34.1,48.8,,,,,949
36,633202,316136,474540,949000,65.2,36,46.7,,,,,950
33.6,633872,316472,475039,950000,67,33.6,49.9,,,,,951
35.6,634523,316828,475521,951000,65.1,35.6,48.2,,,,,952
34.1,635198,317169,476013,952000,67.5,34.1,49.2,,,,,953
35,635840,317519,476503,953000,64.2,35,49,,,,,954
32.5,636521,317844,477014,954000,68.1,32.5,51.1,,,,,955
33.8,637162,318182,477496,955000,64.1,33.8,48.2,,,,,956
33.1,637802,318513,478006,956000,64,33.1,51,,,,,957
35.3,638475,318866,478495,957000,67.3,35.3,48.9,,,,,958
35.1,639142,319217,479000,958000,66.7,35.1,50.5,,,,,959
32.2,639824,319539,479510,959000,68.2,32.2,51,,,,,960
34.4,640501,319883,480011,960000,67.7,34.4,50.1,,,,,961
33.5,641161,320218,480487,961000,66,33.5,47.6,,,,,962
31.8,641847,320536,480989,962000,68.6,31.8,50.2,,,,,963
31.4,642498,320850,481495,963000,65.1,31.4,50.6,,,,,964
33.4,643168,321184,481962,964000,67,33.4,46.7,,,,,965
34.3,643843,321527,482446,965000,67.5,34.3,48.4,,,,,966
33.8,644499,321865,482950,966000,65.6,33.8,50.4,,,,,967
35.8,645159,322223,483446,967000,66,35.8,49.6,,,,,968
33.9,645829,322562,483971,968000,67,33.9,52.5,,,,,969
31.9,646489,322881,484464,969000,66,31.9,49.3,,,,,970
33.9,647175,323220,484968,970000,68.6,33.9,50.4,,,,,971
32,647837,323540,485477,971000,66.2,32,50.9,,,,,972
31.4,648469,323854,485997,972000,63.2,31.4,52,,,,,973
31.5,649155,324169,486481,973000,68.6,31.5,48.4,,,,,974
33.6,649795,324505,486988,974000,64,33.6,50.7,,,,,975
32.4,650446,324829,487485,975000,65.1,32.4,49.7,,,,,976
33.7,651124,325166,487962,976000,67.8,33.7,47.7,,,,,977
34.4,651794,325510,488465,977000,67,34.4,50.3,,,,,978
35.6,652480,325866,488987,978000,68.6,35.6,52.2,,,,,979
33.6,653177,326202,489488,979000,69.7,33.6,50.1,,,,,980
32.8,653836,326530,489970,980000,65.9,32.8,48.2,,,,,981
33.8,654518,326868,490476,981000,68.2,33.8,50.6,,,,,982
36.1,655191,327229,490968,982000,67.3,36.1,49.2,,,,,983
34.6,655853,327575,491479,983000,66.2,34.6,51.1,,,,,984
32.7,656492,327902,491978,984000,63.9,32.7,49.9,,,,,985
34.4,657148,328246,492494,985000,65.6,34.4,51.6,,,,,986
31.4,657822,328560,493009,986000,67.4,31.4,51.5,,,,,987
33.3,658494,328893,493502,987000,67.2,33.3,49.3,,,,,988
34.1,659144,329234,494026,988000,65,34.1,52.4,,,,,989
32.5,659819,329559,494520,989000,67.5,32.5,49.4,,,,,990
35.4,660486,329913,495017,990000,66.7,35.4,49.7,,,,,991
32.5,661158,330238,495509,991000,67.2,32.5,49.2,,,,,992
34.4,661834,330582,495976,992000,67.6,34.4,46.7,,,,,993
35.4,662497,330936,496495,993000,66.3,35.4,51.9,,,,,994
33.3,663158,331269,496991,994000,66.1,33.3,49.6,,,,,995
35.4,663845,331623,497492,995000,68.7,35.4,50.1,,,,,996
32.6,664522,331949,498006,996000,67.7,32.6,51.4,,,,,997
32.7,665157,332276,498508,997000,63.5,32.7,50.2,,,,,998
33.1,665824,332607,498996,998000,66.7,33.1,48.8,,,,,999
33.5,666487,332942,499481,999000,66.3,33.5,48.5,,,,,1000
47,,,,,,,,,,,,
52,,,,,,,,,,,,
51.9,,,,,,,,,,,,
48.8,,,,,,,,,,,,
49.4,,,,,,,,,,,,
49,,,,,,,,,,,,
50.1,,,,,,,,,,,,
47.1,,,,,,,,,,,,
49.9,,,,,,,,,,,,
50.1,,,,,,,,,,,,
48,,,,,,,,,,,,
47.4,,,,,,,,,,,,
50.4,,,,,,,,,,,,
51.3,,,,,,,,,,,,
51.2,,,,,,,,,,,,
52.9,,,,,,,,,,,,
49.9,,,,,,,,,,,,
48.4,,,,,,,,,,,,
47.7,,,,,,,,,,,,
50,,,,,,,,,,,,
51.9,,,,,,,,,,,,
47.5,,,,,,,,,,,,
48.6,,,,,,,,,,,,
49,,,,,,,,,,,,
48.5,,,,,,,,,,,,
48.4,,,,,,,,,,,,
47.9,,,,,,,,,,,,
49.9,,,,,,,,,,,,
50.8,,,,,,,,,,,,
49.7,,,,,,,,,,,,
50.2,,,,,,,,,,,,
49.9,,,,,,,,,,,,
46.8,,,,,,,,,,,,
53,,,,,,,,,,,,
46.8,,,,,,,,,,,,
50.3,,,,,,,,,,,,
45.8,,,,,,,,,,,,
50.2,,,,,,,,,,,,
50.5,,,,,,,,,,,,
51.9,,,,,,,,,,,,
47.5,,,,,,,,,,,,
50.1,,,,,,,,,,,,
50.3,,,,,,,,,,,,
49.2,,,,,,,,,,,,
47.7,,,,,,,,,,,,
52.7,,,,,,,,,,,,
52.8,,,,,,,,,,,,
49.7,,,,,,,,,,,,
48.9,,,,,,,,,,,,
51.5,,,,,,,,,,,,
49.8,,,,,,,,,,,,
51.2,,,,,,,,,,,,
51.8,,,,,,,,,,,,
51.5,,,,,,,,,,,,
49.1,,,,,,,,,,,,
48.1,,,,,,,,,,,,
49.7,,,,,,,,,,,,
52.5,,,,,,,,,,,,
46.7,,,,,,,,,,,,
51.8,,,,,,,,,,,,
50.7,,,,,,,,,,,,
48.5,,,,,,,,,,,,
51.6,,,,,,,,,,,,
51.4,,,,,,,,,,,,
51.2,,,,,,,,,,,,
49.9,,,,,,,,,,,,
49.5,,,,,,,,,,,,
52.1,,,,,,,,,,,,
47.4,,,,,,,,,,,,
50.4,,,,,,,,,,,,
49.4,,,,,,,,,,,,
51,,,,,,,,,,,,
50.6,,,,,,,,,,,,
49.2,,,,,,,,,,,,
49,,,,,,,,,,,,
48.7,,,,,,,,,,,,
52.5,,,,,,,,,,,,
51.6,,,,,,,,,,,,
49.3,,,,,,,,,,,,
49.2,,,,,,,,,,,,
50.7,,,,,,,,,,,,
49.6,,,,,,,,,,,,
50.9,,,,,,,,,,,,
50.5,,,,,,,,,,,,
46.8,,,,,,,,,,,,
51,,,,,,,,,,,,
50.6,,,,,,,,,,,,
49.5,,,,,,,,,,,,
49.1,,,,,,,,,,,,
50,,,,,,,,,,,,
51.7,,,,,,,,,,,,
48.3,,,,,,,,,,,,
50.2,,,,,,,,,,,,
49.8,,,,,,,,,,,,
47.4,,,,,,,,,,,,
49.9,,,,,,,,,,,,
49.1,,,,,,,,,,,,
51.5,,,,,,,,,,,,
52,,,,,,,,,,,,
51.1,,,,,,,,,,,,
49.6,,,,,,,,,,,,
49.6,,,,,,,,,,,,
49.5,,,,,,,,,,,,
49.8,,,,,,,,,,,,
51.3,,,,,,,,,,,,
51.5,,,,,,,,,,,,
49.2,,,,,,,,,,,,
50.8,,,,,,,,,,,,
48.6,,,,,,,,,,,,
50.4,,,,,,,,,,,,
50,,,,,,,,,,,,
48.2,,,,,,,,,,,,
47,,,,,,,,,,,,
50.6,,,,,,,,,,,,
46.6,,,,,,,,,,,,
48.6,,,,,,,,,,,,
52.1,,,,,,,,,,,,
51.9,,,,,,,,,,,,
48.8,,,,,,,,,,,,
47.5,,,,,,,,,,,,
48.8,,,,,,,,,,,,
51.1,,,,,,,,,,,,
50.9,,,,,,,,,,,,
51.6,,,,,,,,,,,,
48.9,,,,,,,,,,,,
50.8,,,,,,,,,,,,
51.8,,,,,,,,,,,,
50.1,,,,,,,,,,,,
49,,,,,,,,,,,,
48.5,,,,,,,,,,,,
48.3,,,,,,,,,,,,
50.6,,,,,,,,,,,,
51.1,,,,,,,,,,,,
51.1,,,,,,,,,,,,
50.1,,,,,,,,,,,,
49.9,,,,,,,,,,,,
46.1,,,,,,,,,,,,
48.6,,,,,,,,,,,,
51.7,,,,,,,,,,,,
50.2,,,,,,,,,,,,
50.5,,,,,,,,,,,,
50,,,,,,,,,,,,
50.1,,,,,,,,,,,,
47.7,,,,,,,,,,,,
50.8,,,,,,,,,,,,
51.2,,,,,,,,,,,,
51,,,,,,,,,,,,
50.2,,,,,,,,,,,,
49,,,,,,,,,,,,
49.3,,,,,,,,,,,,
52,,,,,,,,,,,,
52.8,,,,,,,,,,,,
48.7,,,,,,,,,,,,
50,,,,,,,,,,,,
48.9,,,,,,,,,,,,
50.1,,,,,,,,,,,,
49.6,,,,,,,,,,,,
50.6,,,,,,,,,,,,
49.2,,,,,,,,,,,,
48.9,,,,,,,,,,,,
53.4,,,,,,,,,,,,
49.4,,,,,,,,,,,,
52.7,,,,,,,,,,,,
47,,,,,,,,,,,,
51.8,,,,,,,,,,,,
47.3,,,,,,,,,,,,
50,,,,,,,,,,,,
48.4,,,,,,,,,,,,
49.9,,,,,,,,,,,,
51.7,,,,,,,,,,,,
49.8,,,,,,,,,,,,
50.3,,,,,,,,,,,,
49,,,,,,,,,,,,
51.5,,,,,,,,,,,,
52.3,,,,,,,,,,,,
50.3,,,,,,,,,,,,
51.9,,,,,,,,,,,,
51.4,,,,,,,,,,,,
50.7,,,,,,,,,,,,
51.5,,,,,,,,,,,,
46.3,,,,,,,,,,,,
50.8,,,,,,,,,,,,
51,,,,,,,,,,,,
54.3,,,,,,,,,,,,
47.6,,,,,,,,,,,,
50.2,,,,,,,,,,,,
50.6,,,,,,,,,,,,
49.4,,,,,,,,,,,,
49.2,,,,,,,,,,,,
50.7,,,,,,,,,,,,
48.7,,,,,,,,,,,,
50.1,,,,,,,,,,,,
50.3,,,,,,,,,,,,
48.7,,,,,,,,,,,,
48.5,,,,,,,,,,,,
48.4,,,,,,,,,,,,
51,,,,,,,,,,,,
49.4,,,,,,,,,,,,
51.4,,,,,,,,,,,,
49.2,,,,,,,,,,,,
49.2,,,,,,,,,,,,
47,,,,,,,,,,,,
50.4,,,,,,,,,,,,
48.7,,,,,,,,,,,,
50,,,,,,,,,,,,
50.8,,,,,,,,,,,,
51.3,,,,,,,,,,,,
49.4,,,,,,,,,,,,
48.1,,,,,,,,,,,,
49.2,,,,,,,,,,,,
49.5,,,,,,,,,,,,
52.1,,,,,,,,,,,,
49.9,,,,,,,,,,,,
50.6,,,,,,,,,,,,
50.8,,,,,,,,,,,,
48.6,,,,,,,,,,,,
48.7,,,,,,,,,,,,
54.1,,,,,,,,,,,,
48.4,,,,,,,,,,,,
50.5,,,,,,,,,,,,
48.9,,,,,,,,,,,,
51.9,,,,,,,,,,,,
51.2,,,,,,,,,,,,
48.9,,,,,,,,,,,,
50.9,,,,,,,,,,,,
49.6,,,,,,,,,,,,
49,,,,,,,,,,,,
49,,,,,,,,,,,,
50.2,,,,,,,,,,,,
51.8,,,,,,,,,,,,
48.4,,,,,,,,,,,,
47.2,,,,,,,,,,,,
52.3,,,,,,,,,,,,
50.2,,,,,,,,,,,,
51.5,,,,,,,,,,,,
49.2,,,,,,,,,,,,
49.7,,,,,,,,,,,,
48.7,,,,,,,,,,,,
51.8,,,,,,,,,,,,
50.3,,,,,,,,,,,,
52.3,,,,,,,,,,,,
50.4,,,,,,,,,,,,
51.3,,,,,,,,,,,,
48.2,,,,,,,,,,,,
48,,,,,,,,,,,,
49.5,,,,,,,,,,,,
48.4,,,,,,,,,,,,
51.5,,,,,,,,,,,,
50.2,,,,,,,,,,,,
47.8,,,,,,,,,,,,
52.1,,,,,,,,,,,,
49.8,,,,,,,,,,,,
51.9,,,,,,,,,,,,
50,,,,,,,,,,,,
48,,,,,,,,,,,,
46.4,,,,,,,,,,,,
50.2,,,,,,,,,,,,
49.7,,,,,,,,,,,,
49.2,,,,,,,,,,,,
50.7,,,,,,,,,,,,
48.1,,,,,,,,,,,,
50.9,,,,,,,,,,,,
51.7,,,,,,,,,,,,
50.5,,,,,,,,,,,,
50.3,,,,,,,,,,,,
50.7,,,,,,,,,,,,
49.1,,,,,,,,,,,,
49.5,,,,,,,,,,,,
48.5,,,,,,,,,,,,
49.5,,,,,,,,,,,,
51.5,,,,,,,,,,,,
51,,,,,,,,,,,,
47.5,,,,,,,,,,,,
50.1,,,,,,,,,,,,
50.8,,,,,,,,,,,,
50.7,,,,,,,,,,,,
51.4,,,,,,,,,,,,
49.3,,,,,,,,,,,,
51.1,,,,,,,,,,,,
51.9,,,,,,,,,,,,
48.4,,,,,,,,,,,,
49.8,,,,,,,,,,,,
48.1,,,,,,,,,,,,
52.2,,,,,,,,,,,,
50.6,,,,,,,,,,,,
49.5,,,,,,,,,,,,
50.5,,,,,,,,,,,,
49.6,,,,,,,,,,,,
46,,,,,,,,,,,,
50.1,,,,,,,,,,,,
48.6,,,,,,,,,,,,
50.1,,,,,,,,,,,,
53.6,,,,,,,,,,,,
49,,,,,,,,,,,,
51.1,,,,,,,,,,,,
51.5,,,,,,,,,,,,
48.7,,,,,,,,,,,,
49.6,,,,,,,,,,,,
49.6,,,,,,,,,,,,
49.8,,,,,,,,,,,,
50.9,,,,,,,,,,,,
52.1,,,,,,,,,,,,
51.9,,,,,,,,,,,,
49.9,,,,,,,,,,,,
50,,,,,,,,,,,,
49.8,,,,,,,,,,,,
51.2,,,,,,,,,,,,
50.7,,,,,,,,,,,,
50.4,,,,,,,,,,,,
47.2,,,,,,,,,,,,
52,,,,,,,,,,,,
50.7,,,,,,,,,,,,
50.7,,,,,,,,,,,,
51.8,,,,,,,,,,,,
48.1,,,,,,,,,,,,
49.1,,,,,,,,,,,,
49.2,,,,,,,,,,,,
50.4,,,,,,,,,,,,
50.7,,,,,,,,,,,,
47.8,,,,,,,,,,,,
49.4,,,,,,,,,,,,
51.7,,,,,,,,,,,,
50.5,,,,,,,,,,,,
50,,,,,,,,,,,,
50.3,,,,,,,,,,,,
50.4,,,,,,,,,,,,
49.2,,,,,,,,,,,,
49.7,,,,,,,,,,,,
50.4,,,,,,,,,,,,
45.6,,,,,,,,,,,,
47.3,,,,,,,,,,,,
51.9,,,,,,,,,,,,
46.9,,,,,,,,,,,,
50.3,,,,,,,,,,,,
50.8,,,,,,,,,,,,
51,,,,,,,,,,,,
50.7,,,,,,,,,,,,
48,,,,,,,,,,,,
52.9,,,,,,,,,,,,
49.6,,,,,,,,,,,,
49.9,,,,,,,,,,,,
52.1,,,,,,,,,,,,
52.3,,,,,,,,,,,,
49.6,,,,,,,,,,,,
48.1,,,,,,,,,,,,
47,,,,,,,,,,,,
50,,,,,,,,,,,,
52.2,,,,,,,,,,,,
50.4,,,,,,,,,,,,
48.3,,,,,,,,,,,,
46.7,,,,,,,,,,,,
52.4,,,,,,,,,,,,
52.5,,,,,,,,,,,,
50.3,,,,,,,,,,,,
49.1,,,,,,,,,,,,
47.9,,,,,,,,,,,,
50.4,,,,,,,,,,,,
51.5,,,,,,,,,,,,
52.2,,,,,,,,,,,,
52.6,,,,,,,,,,,,
51.1,,,,,,,,,,,,
50.9,,,,,,,,,,,,
49.4,,,,,,,,,,,,
48.4,,,,,,,,,,,,
52.2,,,,,,,,,,,,
50.1,,,,,,,,,,,,
49.5,,,,,,,,,,,,
54.5,,,,,,,,,,,,
48.1,,,,,,,,,,,,
50.5,,,,,,,,,,,,
51.6,,,,,,,,,,,,
47.2,,,,,,,,,,,,
50.2,,,,,,,,,,,,
46.7,,,,,,,,,,,,
49.8,,,,,,,,,,,,
50.8,,,,,,,,,,,,
48.1,,,,,,,,,,,,
50.2,,,,,,,,,,,,
50,,,,,,,,,,,,
48.1,,,,,,,,,,,,
50.3,,,,,,,,,,,,
51,,,,,,,,,,,,
48.4,,,,,,,,,,,,
51.3,,,,,,,,,,,,
49.4,,,,,,,,,,,,
50.1,,,,,,,,,,,,
47.8,,,,,,,,,,,,
50.5,,,,,,,,,,,,
51.4,,,,,,,,,,,,
50.1,,,,,,,,,,,,
52,,,,,,,,,,,,
48.7,,,,,,,,,,,,
49.6,,,,,,,,,,,,
50.3,,,,,,,,,,,,
48.2,,,,,,,,,,,,
49.7,,,,,,,,,,,,
49.4,,,,,,,,,,,,
50.5,,,,,,,,,,,,
47.7,,,,,,,,,,,,
51.2,,,,,,,,,,,,
48.8,,,,,,,,,,,,
50.4,,,,,,,,,,,,
49.3,,,,,,,,,,,,
51.9,,,,,,,,,,,,
50.4,,,,,,,,,,,,
49.7,,,,,,,,,,,,
50,,,,,,,,,,,,
48.4,,,,,,,,,,,,
53.4,,,,,,,,,,,,
49.7,,,,,,,,,,,,
46.9,,,,,,,,,,,,
48.6,,,,,,,,,,,,
50.6,,,,,,,,,,,,
49.8,,,,,,,,,,,,
51.2,,,,,,,,,,,,
48.9,,,,,,,,,,,,
50.9,,,,,,,,,,,,
50.5,,,,,,,,,,,,
50.9,,,,,,,,,,,,
47.1,,,,,,,,,,,,
49.8,,,,,,,,,,,,
51.6,,,,,,,,,,,,
52.4,,,,,,,,,,,,
49.9,,,,,,,,,,,,
50.6,,,,,,,,,,,,
50.8,,,,,,,,,,,,
50.1,,,,,,,,,,,,
48,,,,,,,,,,,,
50.4,,,,,,,,,,,,
52.5,,,,,,,,,,,,
51.5,,,,,,,,,,,,
48.7,,,,,,,,,,,,
52.7,,,,,,,,,,,,
47.2,,,,,,,,,,,,
51.2,,,,,,,,,,,,
51.4,,,,,,,,,,,,
48.5,,,,,,,,,,,,
51.6,,,,,,,,,,,,
51.4,,,,,,,,,,,,
51,,,,,,,,,,,,
48.6,,,,,,,,,,,,
51.7,,,,,,,,,,,,
50,,,,,,,,,,,,
51.2,,,,,,,,,,,,
48.4,,,,,,,,,,,,
51.1,,,,,,,,,,,,
47.3,,,,,,,,,,,,
52.6,,,,,,,,,,,,
47,,,,,,,,,,,,
49.9,,,,,,,,,,,,
50.1,,,,,,,,,,,,
52.3,,,,,,,,,,,,
49.6,,,,,,,,,,,,
50.6,,,,,,,,,,,,
52.4,,,,,,,,,,,,
49.4,,,,,,,,,,,,
48.8,,,,,,,,,,,,
48.8,,,,,,,,,,,,
51.2,,,,,,,,,,,,
50.1,,,,,,,,,,,,
50.8,,,,,,,,,,,,
47.4,,,,,,,,,,,,
48.5,,,,,,,,,,,,
50.9,,,,,,,,,,,,
52,,,,,,,,,,,,
47.4,,,,,,,,,,,,
50.4,,,,,,,,,,,,
52.1,,,,,,,,,,,,
50.1,,,,,,,,,,,,
47.8,,,,,,,,,,,,
51.9,,,,,,,,,,,,
50.1,,,,,,,,,,,,
52.3,,,,,,,,,,,,
50.6,,,,,,,,,,,,
51.9,,,,,,,,,,,,
49.9,,,,,,,,,,,,
49.1,,,,,,,,,,,,
50.4,,,,,,,,,,,,
50.6,,,,,,,,,,,,
50.4,,,,,,,,,,,,
50.4,,,,,,,,,,,,
48.1,,,,,,,,,,,,
48.4,,,,,,,,,,,,
50.3,,,,,,,,,,,,
49,,,,,,,,,,,,
47.9,,,,,,,,,,,,
49,,,,,,,,,,,,
49.9,,,,,,,,,,,,
52.8,,,,,,,,,,,,
49.5,,,,,,,,,,,,
51.5,,,,,,,,,,,,
49.6,,,,,,,,,,,,
48.7,,,,,,,,,,,,
49.9,,,,,,,,,,,,
48.4,,,,,,,,,,,,
48,,,,,,,,,,,,
50.5,,,,,,,,,,,,
52.5,,,,,,,,,,,,
50.3,,,,,,,,,,,,
48.4,,,,,,,,,,,,
48.9,,,,,,,,,,,,
49.1,,,,,,,,,,,,
49,,,,,,,,,,,,
50.3,,,,,,,,,,,,
49.1,,,,,,,,,,,,
52.1,,,,,,,,,,,,
52.3,,,,,,,,,,,,
51.4,,,,,,,,,,,,
50.2,,,,,,,,,,,,
52.8,,,,,,,,,,,,
47.3,,,,,,,,,,,,
52.7,,,,,,,,,,,,
49.3,,,,,,,,,,,,
49,,,,,,,,,,,,
50.5,,,,,,,,,,,,
49.1,,,,,,,,,,,,
49.7,,,,,,,,,,,,
47.3,,,,,,,,,,,,
51.4,,,,,,,,,,,,
48.8,,,,,,,,,,,,
50.9,,,,,,,,,,,,
48.3,,,,,,,,,,,,
46.9,,,,,,,,,,,,
49.2,,,,,,,,,,,,
50.9,,,,,,,,,,,,
50.9,,,,,,,,,,,,
49.9,,,,,,,,,,,,
48.7,,,,,,,,,,,,
49.5,,,,,,,,,,,,
48.6,,,,,,,,,,,,
49.3,,,,,,,,,,,,
51.9,,,,,,,,,,,,
49.3,,,,,,,,,,,,
50.7,,,,,,,,,,,,
47.3,,,,,,,,,,,,
51,,,,,,,,,,,,
48,,,,,,,,,,,,
50.3,,,,,,,,,,,,
47.6,,,,,,,,,,,,
50,,,,,,,,,,,,
51.1,,,,,,,,,,,,
49.7,,,,,,,,,,,,
50.2,,,,,,,,,,,,
49,,,,,,,,,,,,
49.7,,,,,,,,,,,,
50.4,,,,,,,,,,,,
47.6,,,,,,,,,,,,
50.8,,,,,,,,,,,,
47.1,,,,,,,,,,,,
52.3,,,,,,,,,,,,
51.9,,,,,,,,,,,,
46.9,,,,,,,,,,,,
50.2,,,,,,,,,,,,
50.9,,,,,,,,,,,,
51.5,,,,,,,,,,,,
52.1,,,,,,,,,,,,
50.2,,,,,,,,,,,,
51,,,,,,,,,,,,
48.8,,,,,,,,,,,,
49.2,,,,,,,,,,,,
46.5,,,,,,,,,,,,
47.1,,,,,,,,,,,,
50.3,,,,,,,,,,,,
48,,,,,,,,,,,,
49.4,,,,,,,,,,,,
53.1,,,,,,,,,,,,
47.8,,,,,,,,,,,,
50.6,,,,,,,,,,,,
48.5,,,,,,,,,,,,
50.9,,,,,,,,,,,,
50.2,,,,,,,,,,,,
49.1,,,,,,,,,,,,
49,,,,,,,,,,,,
49.9,,,,,,,,,,,,
47.9,,,,,,,,,,,,
49.7,,,,,,,,,,,,
50.7,,,,,,,,,,,,
48.4,,,,,,,,,,,,
49,,,,,,,,,,,,
48.7,,,,,,,,,,,,
48,,,,,,,,,,,,
50.2,,,,,,,,,,,,
49.4,,,,,,,,,,,,
51.7,,,,,,,,,,,,
49.4,,,,,,,,,,,,
48.6,,,,,,,,,,,,
48.2,,,,,,,,,,,,
49.7,,,,,,,,,,,,
48.1,,,,,,,,,,,,
45.9,,,,,,,,,,,,
50.9,,,,,,,,,,,,
47.3,,,,,,,,,,,,
45.6,,,,,,,,,,,,
50.4,,,,,,,,,,,,
48.4,,,,,,,,,,,,
52,,,,,,,,,,,,
47.1,,,,,,,,,,,,
52,,,,,,,,,,,,
51.3,,,,,,,,,,,,
49.5,,,,,,,,,,,,
50.4,,,,,,,,,,,,
50.7,,,,,,,,,,,,
49.1,,,,,,,,,,,,
48.3,,,,,,,,,,,,
48.7,,,,,,,,,,,,
51.9,,,,,,,,,,,,
51.3,,,,,,,,,,,,
49.8,,,,,,,,,,,,
49.2,,,,,,,,,,,,
50.6,,,,,,,,,,,,
49.4,,,,,,,,,,,,
49.8,,,,,,,,,,,,
52.6,,,,,,,,,,,,
50.7,,,,,,,,,,,,
50.7,,,,,,,,,,,,
51.7,,,,,,,,,,,,
53.2,,,,,,,,,,,,
50.1,,,,,,,,,,,,
50.1,,,,,,,,,,,,
51.6,,,,,,,,,,,,
48.6,,,,,,,,,,,,
50.3,,,,,,,,,,,,
47.9,,,,,,,,,,,,
49.7,,,,,,,,,,,,
52.1,,,,,,,,,,,,
53,,,,,,,,,,,,
49.4,,,,,,,,,,,,
48.1,,,,,,,,,,,,
51.1,,,,,,,,,,,,
47.3,,,,,,,,,,,,
50.8,,,,,,,,,,,,
49.7,,,,,,,,,,,,
53.4,,,,,,,,,,,,
50.8,,,,,,,,,,,,
51.3,,,,,,,,,,,,
49.1,,,,,,,,,,,,
48.9,,,,,,,,,,,,
49,,,,,,,,,,,,
50.3,,,,,,,,,,,,
50.2,,,,,,,,,,,,
49.1,,,,,,,,,,,,
49.8,,,,,,,,,,,,
47.2,,,,,,,,,,,,
50.1,,,,,,,,,,,,
53.4,,,,,,,,,,,,
52.6,,,,,,,,,,,,
52.7,,,,,,,,,,,,
50.6,,,,,,,,,,,,
47.8,,,,,,,,,,,,
49.9,,,,,,,,,,,,
49.3,,,,,,,,,,,,
46.3,,,,,,,,,,,,
49.1,,,,,,,,,,,,
51.7,,,,,,,,,,,,
49.8,,,,,,,,,,,,
50,,,,,,,,,,,,
47.1,,,,,,,,,,,,
53.8,,,,,,,,,,,,
46.4,,,,,,,,,,,,
51.2,,,,,,,,,,,,
50.7,,,,,,,,,,,,
49.4,,,,,,,,,,,,
49.6,,,,,,,,,,,,
49.4,,,,,,,,,,,,
50.3,,,,,,,,,,,,
53,,,,,,,,,,,,
48.3,,,,,,,,,,,,
48.8,,,,,,,,,,,,
49,,,,,,,,,,,,
50.3,,,,,,,,,,,,
49.7,,,,,,,,,,,,
48.8,,,,,,,,,,,,
48.8,,,,,,,,,,,,
49.5,,,,,,,,,,,,
50.5,,,,,,,,,,,,
49,,,,,,,,,,,,
51.6,,,,,,,,,,,,
51.5,,,,,,,,,,,,
51.1,,,,,,,,,,,,
48.7,,,,,,,,,,,,
48.3,,,,,,,,,,,,
48.5,,,,,,,,,,,,
48.7,,,,,,,,,,,,
51.5,,,,,,,,,,,,
51.7,,,,,,,,,,,,
51.4,,,,,,,,,,,,
49.4,,,,,,,,,,,,
48.2,,,,,,,,,,,,
46.6,,,,,,,,,,,,
50.8,,,,,,,,,,,,
50.7,,,,,,,,,,,,
50.2,,,,,,,,,,,,
50.7,,,,,,,,,,,,
49.3,,,,,,,,,,,,
50.9,,,,,,,,,,,,
50.4,,,,,,,,,,,,
50.1,,,,,,,,,,,,
44.6,,,,,,,,,,,,
50,,,,,,,,,,,,
49.6,,,,,,,,,,,,
49.5,,,,,,,,,,,,
53.4,,,,,,,,,,,,
50.1,,,,,,,,,,,,
48.2,,,,,,,,,,,,
49.3,,,,,,,,,,,,
51.8,,,,,,,,,,,,
51.8,,,,,,,,,,,,
52.1,,,,,,,,,,,,
51.8,,,,,,,,,,,,
50.2,,,,,,,,,,,,
47.2,,,,,,,,,,,,
51,,,,,,,,,,,,
50.6,,,,,,,,,,,,
52.5,,,,,,,,,,,,
50.7,,,,,,,,,,,,
49.1,,,,,,,,,,,,
50.6,,,,,,,,,,,,
52.6,,,,,,,,,,,,
49.3,,,,,,,,,,,,
50,,,,,,,,,,,,
48.5,,,,,,,,,,,,
49.4,,,,,,,,,,,,
51,,,,,,,,,,,,
49.3,,,,,,,,,,,,
52,,,,,,,,,,,,
48.5,,,,,,,,,,,,
49.4,,,,,,,,,,,,
49.1,,,,,,,,,,,,
48.7,,,,,,,,,,,,
51,,,,,,,,,,,,
50.6,,,,,,,,,,,,
48.4,,,,,,,,,,,,
51.2,,,,,,,,,,,,
51.5,,,,,,,,,,,,
49.7,,,,,,,,,,,,
52.8,,,,,,,,,,,,
47.9,,,,,,,,,,,,
52.5,,,,,,,,,,,,
46.5,,,,,,,,,,,,
49.7,,,,,,,,,,,,
50.8,,,,,,,,,,,,
49.2,,,,,,,,,,,,
49,,,,,,,,,,,,
49.6,,,,,,,,,,,,
50.5,,,,,,,,,,,,
52.5,,,,,,,,,,,,
50.4,,,,,,,,,,,,
48.7,,,,,,,,,,,,
49.7,,,,,,,,,,,,
46.3,,,,,,,,,,,,
50.4,,,,,,,,,,,,
48.5,,,,,,,,,,,,
51.1,,,,,,,,,,,,
47.8,,,,,,,,,,,,
49.1,,,,,,,,,,,,
51.5,,,,,,,,,,,,
52.1,,,,,,,,,,,,
50.4,,,,,,,,,,,,
51.1,,,,,,,,,,,,
51.1,,,,,,,,,,,,
50.3,,,,,,,,,,,,
49.5,,,,,,,,,,,,
51.6,,,,,,,,,,,,
52,,,,,,,,,,,,
50.1,,,,,,,,,,,,
47,,,,,,,,,,,,
51.3,,,,,,,,,,,,
53.7,,,,,,,,,,,,
50.3,,,,,,,,,,,,
50.4,,,,,,,,,,,,
49.5,,,,,,,,,,,,
50.3,,,,,,,,,,,,
47.6,,,,,,,,,,,,
49.4,,,,,,,,,,,,
52.7,,,,,,,,,,,,
46.5,,,,,,,,,,,,
50.2,,,,,,,,,,,,
50.3,,,,,,,,,,,,
53.2,,,,,,,,,,,,
49.1,,,,,,,,,,,,
48.6,,,,,,,,,,,,
49.8,,,,,,,,,,,,
48,,,,,,,,,,,,
47.3,,,,,,,,,,,,
48.8,,,,,,,,,,,,
48.9,,,,,,,,,,,,
50.6,,,,,,,,,,,,
50,,,,,,,,,,,,
48.3,,,,,,,,,,,,
51.8,,,,,,,,,,,,
48.6,,,,,,,,,,,,
51.6,,,,,,,,,,,,
48.4,,,,,,,,,,,,
51.3,,,,,,,,,,,,
52.9,,,,,,,,,,,,
49,,,,,,,,,,,,
53.4,,,,,,,,,,,,
50.6,,,,,,,,,,,,
48.8,,,,,,,,,,,,
49.6,,,,,,,,,,,,
51.3,,,,,,,,,,,,
51.6,,,,,,,,,,,,
51,,,,,,,,,,,,
49.4,,,,,,,,,,,,
49.3,,,,,,,,,,,,
48.7,,,,,,,,,,,,
50.8,,,,,,,,,,,,
49.7,,,,,,,,,,,,
50.2,,,,,,,,,,,,
50.3,,,,,,,,,,,,
48.1,,,,,,,,,,,,
51.9,,,,,,,,,,,,
51,,,,,,,,,,,,
48.3,,,,,,,,,,,,
49.1,,,,,,,,,,,,
48.7,,,,,,,,,,,,
48.5,,,,,,,,,,,,
50.5,,,,,,,,,,,,
50.5,,,,,,,,,,,,
46.2,,,,,,,,,,,,
50.9,,,,,,,,,,,,
50.3,,,,,,,,,,,,
49.4,,,,,,,,,,,,
50.4,,,,,,,,,,,,
47.6,,,,,,,,,,,,
47.9,,,,,,,,,,,,
49.2,,,,,,,,,,,,
48.9,,,,,,,,,,,,
50.1,,,,,,,,,,,,
52.7,,,,,,,,,,,,
50.9,,,,,,,,,,,,
51.1,,,,,,,,,,,,
48.6,,,,,,,,,,,,
50,,,,,,,,,,,,
49.9,,,,,,,,,,,,
52.4,,,,,,,,,,,,
47.7,,,,,,,,,,,,
47.8,,,,,,,,,,,,
50.1,,,,,,,,,,,,
50.3,,,,,,,,,,,,
49.5,,,,,,,,,,,,
50.2,,,,,,,,,,,,
52.1,,,,,,,,,,,,
49.9,,,,,,,,,,,,
50.8,,,,,,,,,,,,
48.8,,,,,,,,,,,,
48.2,,,,,,,,,,,,
50.6,,,,,,,,,,,,
48.4,,,,,,,,,,,,
50.8,,,,,,,,,,,,
49.2,,,,,,,,,,,,
49.7,,,,,,,,,,,,
51.6,,,,,,,,,,,,
50.5,,,,,,,,,,,,
51,,,,,,,,,,,,
49.6,,,,,,,,,,,,
50.8,,,,,,,,,,,,
50.4,,,,,,,,,,,,
50.5,,,,,,,,,,,,
51,,,,,,,,,,,,
50.6,,,,,,,,,,,,
50.4,,,,,,,,,,,,
50.6,,,,,,,,,,,,
51.9,,,,,,,,,,,,
50.5,,,,,,,,,,,,
51,,,,,,,,,,,,
50,,,,,,,,,,,,
51.1,,,,,,,,,,,,
49.2,,,,,,,,,,,,
49.5,,,,,,,,,,,,
48.9,,,,,,,,,,,,
50.2,,,,,,,,,,,,
49.1,,,,,,,,,,,,
49.3,,,,,,,,,,,,
48.4,,,,,,,,,,,,
50.5,,,,,,,,,,,,
48.1,,,,,,,,,,,,
52.1,,,,,,,,,,,,
49.6,,,,,,,,,,,,
48.4,,,,,,,,,,,,
49.3,,,,,,,,,,,,
49.4,,,,,,,,,,,,
52.8,,,,,,,,,,,,
49.7,,,,,,,,,,,,
50.9,,,,,,,,,,,,
49.6,,,,,,,,,,,,
52,,,,,,,,,,,,
48.4,,,,,,,,,,,,
51.1,,,,,,,,,,,,
52,,,,,,,,,,,,
50.5,,,,,,,,,,,,
51.3,,,,,,,,,,,,
52,,,,,,,,,,,,
52.4,,,,,,,,,,,,
49.1,,,,,,,,,,,,
49.3,,,,,,,,,,,,
50.4,,,,,,,,,,,,
52.7,,,,,,,,,,,,
52,,,,,,,,,,,,
51,,,,,,,,,,,,
49.6,,,,,,,,,,,,
48.1,,,,,,,,,,,,
51.6,,,,,,,,,,,,
50.1,,,,,,,,,,,,
50.3,,,,,,,,,,,,
49.9,,,,,,,,,,,,
47.6,,,,,,,,,,,,
49,,,,,,,,,,,,
47.8,,,,,,,,,,,,
49.9,,,,,,,,,,,,
50.2,,,,,,,,,,,,
49.2,,,,,,,,,,,,
50.1,,,,,,,,,,,,
49.3,,,,,,,,,,,,
50.2,,,,,,,,,,,,
53,,,,,,,,,,,,
50.6,,,,,,,,,,,,
50.5,,,,,,,,,,,,
49.4,,,,,,,,,,,,
48.7,,,,,,,,,,,,
52.6,,,,,,,,,,,,
49.6,,,,,,,,,,,,
50.7,,,,,,,,,,,,
48.7,,,,,,,,,,,,
50.6,,,,,,,,,,,,
48.9,,,,,,,,,,,,
48.4,,,,,,,,,,,,
50.9,,,,,,,,,,,,
49.1,,,,,,,,,,,,
52.2,,,,,,,,,,,,
46.9,,,,,,,,,,,,
51,,,,,,,,,,,,
50.1,,,,,,,,,,,,
50.7,,,,,,,,,,,,
49.6,,,,,,,,,,,,
51.6,,,,,,,,,,,,
49.7,,,,,,,,,,,,
51.5,,,,,,,,,,,,
50.7,,,,,,,,,,,,
48.8,,,,,,,,,,,,
49.8,,,,,,,,,,,,
51,,,,,,,,,,,,
49.5,,,,,,,,,,,,
49,,,,,,,,,,,,
49.1,,,,,,,,,,,,
49.7,,,,,,,,,,,,
49.6,,,,,,,,,,,,
49.2,,,,,,,,,,,,
48.8,,,,,,,,,,,,
46.7,,,,,,,,,,,,
49.9,,,,,,,,,,,,
48.2,,,,,,,,,,,,
49.2,,,,,,,,,,,,
49,,,,,,,,,,,,
51.1,,,,,,,,,,,,
48.2,,,,,,,,,,,,
51,,,,,,,,,,,,
48.9,,,,,,,,,,,,
50.5,,,,,,,,,,,,
51,,,,,,,,,,,,
50.1,,,,,,,,,,,,
47.6,,,,,,,,,,,,
50.2,,,,,,,,,,,,
50.6,,,,,,,,,,,,
46.7,,,,,,,,,,,,
48.4,,,,,,,,,,,,
50.4,,,,,,,,,,,,
49.6,,,,,,,,,,,,
52.5,,,,,,,,,,,,
49.3,,,,,,,,,,,,
50.4,,,,,,,,,,,,
50.9,,,,,,,,,,,,
52,,,,,,,,,,,,
48.4,,,,,,,,,,,,
50.7,,,,,,,,,,,,
49.7,,,,,,,,,,,,
47.7,,,,,,,,,,,,
50.3,,,,,,,,,,,,
52.2,,,,,,,,,,,,
50.1,,,,,,,,,,,,
48.2,,,,,,,,,,,,
50.6,,,,,,,,,,,,
49.2,,,,,,,,,,,,
51.1,,,,,,,,,,,,
49.9,,,,,,,,,,,,
51.6,,,,,,,,,,,,
51.5,,,,,,,,,,,,
49.3,,,,,,,,,,,,
52.4,,,,,,,,,,,,
49.4,,,,,,,,,,,,
49.7,,,,,,,,,,,,
49.2,,,,,,,,,,,,
46.7,,,,,,,,,,,,
51.9,,,,,,,,,,,,
49.6,,,,,,,,,,,,
50.1,,,,,,,,,,,,
51.4,,,,,,,,,,,,
50.2,,,,,,,,,,,,
48.8,,,,,,,,,,,,
48.5,,,,,,,,,,,,
66.7,,,,,,,,,,,,
67.4,,,,,,,,,,,,
66.5,,,,,,,,,,,,
66.2,,,,,,,,,,,,
65.6,,,,,,,,,,,,
67.5,,,,,,,,,,,,
66.9,,,,,,,,,,,,
67.2,,,,,,,,,,,,
66.7,,,,,,,,,,,,
67.7,,,,,,,,,,,,
65.4,,,,,,,,,,,,
67.7,,,,,,,,,,,,
67.7,,,,,,,,,,,,
66.9,,,,,,,,,,,,
67.9,,,,,,,,,,,,
68.8,,,,,,,,,,,,
69.2,,,,,,,,,,,,
65.6,,,,,,,,,,,,
66,,,,,,,,,,,,
64.9,,,,,,,,,,,,
66.6,,,,,,,,,,,,
67.3,,,,,,,,,,,,
66.8,,,,,,,,,,,,
66.4,,,,,,,,,,,,
66.7,,,,,,,,,,,,
67.9,,,,,,,,,,,,
68.5,,,,,,,,,,,,
66.7,,,,,,,,,,,,
64.9,,,,,,,,,,,,
68.5,,,,,,,,,,,,
67,,,,,,,,,,,,
66.4,,,,,,,,,,,,
68.2,,,,,,,,,,,,
68.3,,,,,,,,,,,,
65.4,,,,,,,,,,,,
66.4,,,,,,,,,,,,
65.6,,,,,,,,,,,,
66.7,,,,,,,,,,,,
66.6,,,,,,,,,,,,
67.1,,,,,,,,,,,,
63.5,,,,,,,,,,,,
64.3,,,,,,,,,,,,
68.3,,,,,,,,,,,,
66.2,,,,,,,,,,,,
68.5,,,,,,,,,,,,
65.7,,,,,,,,,,,,
66.5,,,,,,,,,,,,
64.2,,,,,,,,,,,,
66.3,,,,,,,,,,,,
68,,,,,,,,,,,,
64.8,,,,,,,,,,,,
64.2,,,,,,,,,,,,
69.1,,,,,,,,,,,,
67.1,,,,,,,,,,,,
64.5,,,,,,,,,,,,
65.3,,,,,,,,,,,,
67.1,,,,,,,,,,,,
64.8,,,,,,,,,,,,
67.2,,,,,,,,,,,,
68.2,,,,,,,,,,,,
64.6,,,,,,,,,,,,
66.5,,,,,,,,,,,,
65.3,,,,,,,,,,,,
65.1,,,,,,,,,,,,
65.6,,,,,,,,,,,,
65.2,,,,,,,,,,,,
66.7,,,,,,,,,,,,
65.8,,,,,,,,,,,,
64.4,,,,,,,,,,,,
64.4,,,,,,,,,,,,
64.8,,,,,,,,,,,,
65.5,,,,,,,,,,,,
66,,,,,,,,,,,,
67,,,,,,,,,,,,
65.3,,,,,,,,,,,,
68,,,,,,,,,,,,
65,,,,,,,,,,,,
67.7,,,,,,,,,,,,
66.3,,,,,,,,,,,,
65.6,,,,,,,,,,,,
65.3,,,,,,,,,,,,
66.4,,,,,,,,,,,,
65.1,,,,,,,,,,,,
66,,,,,,,,,,,,
65.7,,,,,,,,,,,,
66.9,,,,,,,,,,,,
66.8,,,,,,,,,,,,
68,,,,,,,,,,,,
64.9,,,,,,,,,,,,
67.9,,,,,,,,,,,,
64.7,,,,,,,,,,,,
64.6,,,,,,,,,,,,
69.7,,,,,,,,,,,,
65.9,,,,,,,,,,,,
63.6,,,,,,,,,,,,
64.9,,,,,,,,,,,,
67.7,,,,,,,,,,,,
68,,,,,,,,,,,,
67,,,,,,,,,,,,
68.9,,,,,,,,,,,,
66.5,,,,,,,,,,,,
66.1,,,,,,,,,,,,
65.3,,,,,,,,,,,,
66.3,,,,,,,,,,,,
68.2,,,,,,,,,,,,
65.4,,,,,,,,,,,,
65.7,,,,,,,,,,,,
68.7,,,,,,,,,,,,
65.4,,,,,,,,,,,,
67.4,,,,,,,,,,,,
64.2,,,,,,,,,,,,
68.5,,,,,,,,,,,,
64.5,,,,,,,,,,,,
64.7,,,,,,,,,,,,
66.8,,,,,,,,,,,,
65.4,,,,,,,,,,,,
70.3,,,,,,,,,,,,
66.4,,,,,,,,,,,,
65.9,,,,,,,,,,,,
68.2,,,,,,,,,,,,
66.5,,,,,,,,,,,,
69.5,,,,,,,,,,,,
67,,,,,,,,,,,,
65,,,,,,,,,,,,
67,,,,,,,,,,,,
65.3,,,,,,,,,,,,
67.6,,,,,,,,,,,,
68.5,,,,,,,,,,,,
66,,,,,,,,,,,,
69.4,,,,,,,,,,,,
64.9,,,,,,,,,,,,
62.8,,,,,,,,,,,,
64.8,,,,,,,,,,,,
66.9,,,,,,,,,,,,
62.8,,,,,,,,,,,,
66.6,,,,,,,,,,,,
63.9,,,,,,,,,,,,
66.2,,,,,,,,,,,,
66.4,,,,,,,,,,,,
63,,,,,,,,,,,,
68.7,,,,,,,,,,,,
66,,,,,,,,,,,,
67.6,,,,,,,,,,,,
68,,,,,,,,,,,,
66.3,,,,,,,,,,,,
66.5,,,,,,,,,,,,
66.3,,,,,,,,,,,,
65,,,,,,,,,,,,
67.2,,,,,,,,,,,,
69,,,,,,,,,,,,
61.8,,,,,,,,,,,,
68.1,,,,,,,,,,,,
66.5,,,,,,,,,,,,
66.1,,,,,,,,,,,,
66.2,,,,,,,,,,,,
68.1,,,,,,,,,,,,
66.5,,,,,,,,,,,,
66.7,,,,,,,,,,,,
66.9,,,,,,,,,,,,
64,,,,,,,,,,,,
63.1,,,,,,,,,,,,
61.5,,,,,,,,,,,,
64,,,,,,,,,,,,
65.5,,,,,,,,,,,,
65.7,,,,,,,,,,,,
64.6,,,,,,,,,,,,
65.4,,,,,,,,,,,,
67.5,,,,,,,,,,,,
67.6,,,,,,,,,,,,
67,,,,,,,,,,,,
65.9,,,,,,,,,,,,
64,,,,,,,,,,,,
66.3,,,,,,,,,,,,
69.9,,,,,,,,,,,,
66.8,,,,,,,,,,,,
67.2,,,,,,,,,,,,
68.5,,,,,,,,,,,,
68.1,,,,,,,,,,,,
64.4,,,,,,,,,,,,
68.1,,,,,,,,,,,,
67.1,,,,,,,,,,,,
67.9,,,,,,,,,,,,
66.1,,,,,,,,,,,,
66.7,,,,,,,,,,,,
68.2,,,,,,,,,,,,
65.6,,,,,,,,,,,,
66.8,,,,,,,,,,,,
70.5,,,,,,,,,,,,
67.3,,,,,,,,,,,,
66.7,,,,,,,,,,,,
65.4,,,,,,,,,,,,
65.4,,,,,,,,,,,,
65.7,,,,,,,,,,,,
70.1,,,,,,,,,,,,
65.5,,,,,,,,,,,,
65.5,,,,,,,,,,,,
68.9,,,,,,,,,,,,
66,,,,,,,,,,,,
64.8,,,,,,,,,,,,
68.1,,,,,,,,,,,,
67.8,,,,,,,,,,,,
67.1,,,,,,,,,,,,
67.4,,,,,,,,,,,,
67.7,,,,,,,,,,,,
67.4,,,,,,,,,,,,
69.1,,,,,,,,,,,,
66.9,,,,,,,,,,,,
67.4,,,,,,,,,,,,
66.8,,,,,,,,,,,,
66.8,,,,,,,,,,,,
66.8,,,,,,,,,,,,
65.7,,,,,,,,,,,,
65.7,,,,,,,,,,,,
70.5,,,,,,,,,,,,
65.5,,,,,,,,,,,,
66.4,,,,,,,,,,,,
64.7,,,,,,,,,,,,
67.5,,,,,,,,,,,,
67.8,,,,,,,,,,,,
65.7,,,,,,,,,,,,
67.3,,,,,,,,,,,,
67.9,,,,,,,,,,,,
66.3,,,,,,,,,,,,
65.9,,,,,,,,,,,,
64.5,,,,,,,,,,,,
65.7,,,,,,,,,,,,
68.7,,,,,,,,,,,,
67.5,,,,,,,,,,,,
65.1,,,,,,,,,,,,
66.9,,,,,,,,,,,,
66.9,,,,,,,,,,,,
67.5,,,,,,,,,,,,
67.9,,,,,,,,,,,,
65.9,,,,,,,,,,,,
63.9,,,,,,,,,,,,
66.3,,,,,,,,,,,,
66.6,,,,,,,,,,,,
64.6,,,,,,,,,,,,
66.3,,,,,,,,,,,,
66.9,,,,,,,,,,,,
68.4,,,,,,,,,,,,
68.1,,,,,,,,,,,,
68.4,,,,,,,,,,,,
66.6,,,,,,,,,,,,
67.9,,,,,,,,,,,,
67.5,,,,,,,,,,,,
65.3,,,,,,,,,,,,
65,,,,,,,,,,,,
68,,,,,,,,,,,,
67.1,,,,,,,,,,,,
66.6,,,,,,,,,,,,
63.3,,,,,,,,,,,,
67.7,,,,,,,,,,,,
67.4,,,,,,,,,,,,
66.7,,,,,,,,,,,,
66.2,,,,,,,,,,,,
66.9,,,,,,,,,,,,
67.9,,,,,,,,,,,,
67.8,,,,,,,,,,,,
64.6,,,,,,,,,,,,
66.9,,,,,,,,,,,,
65.8,,,,,,,,,,,,
65.3,,,,,,,,,,,,
68.8,,,,,,,,,,,,
65.4,,,,,,,,,,,,
65.5,,,,,,,,,,,,
66.8,,,,,,,,,,,,
65.5,,,,,,,,,,,,
66.9,,,,,,,,,,,,
66.1,,,,,,,,,,,,
68.7,,,,,,,,,,,,
65.2,,,,,,,,,,,,
66.7,,,,,,,,,,,,
67,,,,,,,,,,,,
65.8,,,,,,,,,,,,
66.1,,,,,,,,,,,,
69.4,,,,,,,,,,,,
66.7,,,,,,,,,,,,
67,,,,,,,,,,,,
69.8,,,,,,,,,,,,
67.9,,,,,,,,,,,,
68.3,,,,,,,,,,,,
69.2,,,,,,,,,,,,
67.1,,,,,,,,,,,,
67.2,,,,,,,,,,,,
67.4,,,,,,,,,,,,
65.6,,,,,,,,,,,,
65.2,,,,,,,,,,,,
70,,,,,,,,,,,,
65.4,,,,,,,,,,,,
65.8,,,,,,,,,,,,
66,,,,,,,,,,,,
68.9,,,,,,,,,,,,
66.9,,,,,,,,,,,,
66.2,,,,,,,,,,,,
67.5,,,,,,,,,,,,
68.1,,,,,,,,,,,,
64.7,,,,,,,,,,,,
65.8,,,,,,,,,,,,
65.6,,,,,,,,,,,,
67.8,,,,,,,,,,,,
67.1,,,,,,,,,,,,
65.5,,,,,,,,,,,,
66,,,,,,,,,,,,
67,,,,,,,,,,,,
66.6,,,,,,,,,,,,
69.3,,,,,,,,,,,,
67.3,,,,,,,,,,,,
64.4,,,,,,,,,,,,
66.6,,,,,,,,,,,,
67,,,,,,,,,,,,
65.7,,,,,,,,,,,,
67.7,,,,,,,,,,,,
66.6,,,,,,,,,,,,
68.1,,,,,,,,,,,,
66.5,,,,,,,,,,,,
68.9,,,,,,,,,,,,
67.9,,,,,,,,,,,,
68.8,,,,,,,,,,,,
65.7,,,,,,,,,,,,
65.6,,,,,,,,,,,,
66.2,,,,,,,,,,,,
67.9,,,,,,,,,,,,
67.7,,,,,,,,,,,,
67.2,,,,,,,,,,,,
65.4,,,,,,,,,,,,
68.2,,,,,,,,,,,,
67,,,,,,,,,,,,
63.1,,,,,,,,,,,,
68.5,,,,,,,,,,,,
64.9,,,,,,,,,,,,
68.8,,,,,,,,,,,,
64.7,,,,,,,,,,,,
69.4,,,,,,,,,,,,
66.2,,,,,,,,,,,,
66.2,,,,,,,,,,,,
66.7,,,,,,,,,,,,
67.3,,,,,,,,,,,,
68.2,,,,,,,,,,,,
67.8,,,,,,,,,,,,
69.5,,,,,,,,,,,,
65.9,,,,,,,,,,,,
67.5,,,,,,,,,,,,
67,,,,,,,,,,,,
64.7,,,,,,,,,,,,
67.7,,,,,,,,,,,,
65.9,,,,,,,,,,,,
64.1,,,,,,,,,,,,
67,,,,,,,,,,,,
68.9,,,,,,,,,,,,
67.3,,,,,,,,,,,,
66.4,,,,,,,,,,,,
66.9,,,,,,,,,,,,
65.1,,,,,,,,,,,,
68.2,,,,,,,,,,,,
67.2,,,,,,,,,,,,
69.1,,,,,,,,,,,,
67.3,,,,,,,,,,,,
65.3,,,,,,,,,,,,
66.4,,,,,,,,,,,,
69.6,,,,,,,,,,,,
67.8,,,,,,,,,,,,
65.1,,,,,,,,,,,,
65.2,,,,,,,,,,,,
64.9,,,,,,,,,,,,
65.4,,,,,,,,,,,,
68.1,,,,,,,,,,,,
70.2,,,,,,,,,,,,
66,,,,,,,,,,,,
64.4,,,,,,,,,,,,
65.3,,,,,,,,,,,,
68,,,,,,,,,,,,
66.8,,,,,,,,,,,,
64.4,,,,,,,,,,,,
66.1,,,,,,,,,,,,
67,,,,,,,,,,,,
65.3,,,,,,,,,,,,
68.8,,,,,,,,,,,,
67.7,,,,,,,,,,,,
66.6,,,,,,,,,,,,
67.6,,,,,,,,,,,,
66.6,,,,,,,,,,,,
69.7,,,,,,,,,,,,
67.1,,,,,,,,,,,,
65.8,,,,,,,,,,,,
68,,,,,,,,,,,,
70.2,,,,,,,,,,,,
65.9,,,,,,,,,,,,
66.1,,,,,,,,,,,,
63.6,,,,,,,,,,,,
68,,,,,,,,,,,,
67.1,,,,,,,,,,,,
66.6,,,,,,,,,,,,
64.8,,,,,,,,,,,,
64.9,,,,,,,,,,,,
66.2,,,,,,,,,,,,
67,,,,,,,,,,,,
68.5,,,,,,,,,,,,
67.6,,,,,,,,,,,,
65.8,,,,,,,,,,,,
66.6,,,,,,,,,,,,
66.7,,,,,,,,,,,,
64.8,,,,,,,,,,,,
65.8,,,,,,,,,,,,
63.3,,,,,,,,,,,,
65.4,,,,,,,,,,,,
66.8,,,,,,,,,,,,
64.3,,,,,,,,,,,,
67.5,,,,,,,,,,,,
64.5,,,,,,,,,,,,
64,,,,,,,,,,,,
68,,,,,,,,,,,,
66.3,,,,,,,,,,,,
67.4,,,,,,,,,,,,
68.5,,,,,,,,,,,,
67.5,,,,,,,,,,,,
67.4,,,,,,,,,,,,
68.6,,,,,,,,,,,,
65.5,,,,,,,,,,,,
65.6,,,,,,,,,,,,
67.1,,,,,,,,,,,,
69.7,,,,,,,,,,,,
67.3,,,,,,,,,,,,
67.6,,,,,,,,,,,,
67.3,,,,,,,,,,,,
64.5,,,,,,,,,,,,
67.1,,,,,,,,,,,,
68,,,,,,,,,,,,
65.4,,,,,,,,,,,,
64.2,,,,,,,,,,,,
65.4,,,,,,,,,,,,
69.5,,,,,,,,,,,,
62.7,,,,,,,,,,,,
67.8,,,,,,,,,,,,
68.1,,,,,,,,,,,,
65.7,,,,,,,,,,,,
68.6,,,,,,,,,,,,
64,,,,,,,,,,,,
66.9,,,,,,,,,,,,
69.2,,,,,,,,,,,,
65.9,,,,,,,,,,,,
67.1,,,,,,,,,,,,
63.9,,,,,,,,,,,,
66.7,,,,,,,,,,,,
65.7,,,,,,,,,,,,
69.2,,,,,,,,,,,,
65.6,,,,,,,,,,,,
66.3,,,,,,,,,,,,
66.6,,,,,,,,,,,,
66.9,,,,,,,,,,,,
65.4,,,,,,,,,,,,
67.9,,,,,,,,,,,,
64.2,,,,,,,,,,,,
69.6,,,,,,,,,,,,
67.1,,,,,,,,,,,,
68.5,,,,,,,,,,,,
67.5,,,,,,,,,,,,
68.3,,,,,,,,,,,,
65.9,,,,,,,,,,,,
66.5,,,,,,,,,,,,
65.7,,,,,,,,,,,,
65.6,,,,,,,,,,,,
66,,,,,,,,,,,,
66,,,,,,,,,,,,
68.8,,,,,,,,,,,,
64.4,,,,,,,,,,,,
69.4,,,,,,,,,,,,
68,,,,,,,,,,,,
67.7,,,,,,,,,,,,
66.9,,,,,,,,,,,,
65.1,,,,,,,,,,,,
65.3,,,,,,,,,,,,
68.5,,,,,,,,,,,,
69.1,,,,,,,,,,,,
66.1,,,,,,,,,,,,
68.4,,,,,,,,,,,,
67.5,,,,,,,,,,,,
66.3,,,,,,,,,,,,
67.7,,,,,,,,,,,,
66.1,,,,,,,,,,,,
65.8,,,,,,,,,,,,
68.1,,,,,,,,,,,,
66.4,,,,,,,,,,,,
64.4,,,,,,,,,,,,
66.9,,,,,,,,,,,,
63.7,,,,,,,,,,,,
65.4,,,,,,,,,,,,
65.5,,,,,,,,,,,,
66.6,,,,,,,,,,,,
65.9,,,,,,,,,,,,
65.1,,,,,,,,,,,,
66.3,,,,,,,,,,,,
64.7,,,,,,,,,,,,
65.4,,,,,,,,,,,,
64.9,,,,,,,,,,,,
67.2,,,,,,,,,,,,
69.3,,,,,,,,,,,,
66.3,,,,,,,,,,,,
63.9,,,,,,,,,,,,
64.3,,,,,,,,,,,,
69.2,,,,,,,,,,,,
66.2,,,,,,,,,,,,
69.4,,,,,,,,,,,,
66.6,,,,,,,,,,,,
67.4,,,,,,,,,,,,
66.1,,,,,,,,,,,,
67.9,,,,,,,,,,,,
66.3,,,,,,,,,,,,
65.4,,,,,,,,,,,,
65.8,,,,,,,,,,,,
66.2,,,,,,,,,,,,
68.1,,,,,,,,,,,,
68,,,,,,,,,,,,
66.9,,,,,,,,,,,,
67.5,,,,,,,,,,,,
65.5,,,,,,,,,,,,
66.9,,,,,,,,,,,,
65.9,,,,,,,,,,,,
65.3,,,,,,,,,,,,
63.7,,,,,,,,,,,,
66.9,,,,,,,,,,,,
66.8,,,,,,,,,,,,
67.6,,,,,,,,,,,,
66.4,,,,,,,,,,,,
64.5,,,,,,,,,,,,
67.3,,,,,,,,,,,,
65.5,,,,,,,,,,,,
62.9,,,,,,,,,,,,
69.4,,,,,,,,,,,,
67.8,,,,,,,,,,,,
68,,,,,,,,,,,,
67.8,,,,,,,,,,,,
66.3,,,,,,,,,,,,
68.1,,,,,,,,,,,,
65.7,,,,,,,,,,,,
68.6,,,,,,,,,,,,
67.1,,,,,,,,,,,,
70.2,,,,,,,,,,,,
66.5,,,,,,,,,,,,
64.7,,,,,,,,,,,,
67.3,,,,,,,,,,,,
63.1,,,,,,,,,,,,
68.8,,,,,,,,,,,,
67.1,,,,,,,,,,,,
67.6,,,,,,,,,,,,
67.1,,,,,,,,,,,,
65.8,,,,,,,,,,,,
65.5,,,,,,,,,,,,
67.4,,,,,,,,,,,,
65.5,,,,,,,,,,,,
67,,,,,,,,,,,,
65.6,,,,,,,,,,,,
68,,,,,,,,,,,,
68.4,,,,,,,,,,,,
65.5,,,,,,,,,,,,
64.1,,,,,,,,,,,,
66.4,,,,,,,,,,,,
66.8,,,,,,,,,,,,
67.4,,,,,,,,,,,,
66.7,,,,,,,,,,,,
65.8,,,,,,,,,,,,
66.1,,,,,,,,,,,,
66.3,,,,,,,,,,,,
66.8,,,,,,,,,,,,
66.2,,,,,,,,,,,,
63.9,,,,,,,,,,,,
68.4,,,,,,,,,,,,
67.2,,,,,,,,,,,,
65.4,,,,,,,,,,,,
66.2,,,,,,,,,,,,
70.1,,,,,,,,,,,,
67.9,,,,,,,,,,,,
66.1,,,,,,,,,,,,
63.5,,,,,,,,,,,,
65.6,,,,,,,,,,,,
65.1,,,,,,,,,,,,
66.9,,,,,,,,,,,,
66.8,,,,,,,,,,,,
66.5,,,,,,,,,,,,
65.3,,,,,,,,,,,,
67.7,,,,,,,,,,,,
67.6,,,,,,,,,,,,
64.6,,,,,,,,,,,,
67.1,,,,,,,,,,,,
68.2,,,,,,,,,,,,
67.5,,,,,,,,,,,,
66,,,,,,,,,,,,
66.8,,,,,,,,,,,,
68.8,,,,,,,,,,,,
66.1,,,,,,,,,,,,
65.2,,,,,,,,,,,,
65.5,,,,,,,,,,,,
68.4,,,,,,,,,,,,
67.4,,,,,,,,,,,,
66.2,,,,,,,,,,,,
69.1,,,,,,,,,,,,
64.9,,,,,,,,,,,,
69.1,,,,,,,,,,,,
64.2,,,,,,,,,,,,
68.4,,,,,,,,,,,,
63.1,,,,,,,,,,,,
66.6,,,,,,,,,,,,
68.8,,,,,,,,,,,,
66.4,,,,,,,,,,,,
66.2,,,,,,,,,,,,
69,,,,,,,,,,,,
65.3,,,,,,,,,,,,
64.9,,,,,,,,,,,,
65.2,,,,,,,,,,,,
68.2,,,,,,,,,,,,
66.6,,,,,,,,,,,,
66.7,,,,,,,,,,,,
70.1,,,,,,,,,,,,
66.3,,,,,,,,,,,,
67.3,,,,,,,,,,,,
63.8,,,,,,,,,,,,
66,,,,,,,,,,,,
66.8,,,,,,,,,,,,
65.4,,,,,,,,,,,,
68.6,,,,,,,,,,,,
67.8,,,,,,,,,,,,
66.2,,,,,,,,,,,,
63.2,,,,,,,,,,,,
66.5,,,,,,,,,,,,
68.1,,,,,,,,,,,,
67.3,,,,,,,,,,,,
67.5,,,,,,,,,,,,
67.2,,,,,,,,,,,,
64.9,,,,,,,,,,,,
65,,,,,,,,,,,,
64.3,,,,,,,,,,,,
66.7,,,,,,,,,,,,
67.5,,,,,,,,,,,,
64.8,,,,,,,,,,,,
67.5,,,,,,,,,,,,
67.8,,,,,,,,,,,,
68.9,,,,,,,,,,,,
67,,,,,,,,,,,,
66.8,,,,,,,,,,,,
67,,,,,,,,,,,,
67.2,,,,,,,,,,,,
66.9,,,,,,,,,,,,
66.1,,,,,,,,,,,,
66.9,,,,,,,,,,,,
67,,,,,,,,,,,,
66,,,,,,,,,,,,
67.8,,,,,,,,,,,,
65.7,,,,,,,,,,,,
66.4,,,,,,,,,,,,
68.6,,,,,,,,,,,,
65,,,,,,,,,,,,
65.5,,,,,,,,,,,,
65.6,,,,,,,,,,,,
66.4,,,,,,,,,,,,
68.6,,,,,,,,,,,,
67.6,,,,,,,,,,,,
67.8,,,,,,,,,,,,
64.6,,,,,,,,,,,,
66.2,,,,,,,,,,,,
68,,,,,,,,,,,,
69,,,,,,,,,,,,
67.9,,,,,,,,,,,,
70.3,,,,,,,,,,,,
68.7,,,,,,,,,,,,
67.8,,,,,,,,,,,,
67.5,,,,,,,,,,,,
66,,,,,,,,,,,,
66.2,,,,,,,,,,,,
65.1,,,,,,,,,,,,
66.4,,,,,,,,,,,,
66.7,,,,,,,,,,,,
64.2,,,,,,,,,,,,
67.6,,,,,,,,,,,,
65.9,,,,,,,,,,,,
69.4,,,,,,,,,,,,
67.2,,,,,,,,,,,,
65.8,,,,,,,,,,,,
67.7,,,,,,,,,,,,
64.6,,,,,,,,,,,,
64.3,,,,,,,,,,,,
69.5,,,,,,,,,,,,
66.8,,,,,,,,,,,,
67.5,,,,,,,,,,,,
67.1,,,,,,,,,,,,
66.2,,,,,,,,,,,,
66.4,,,,,,,,,,,,
68,,,,,,,,,,,,
62.1,,,,,,,,,,,,
68.9,,,,,,,,,,,,
66.2,,,,,,,,,,,,
65.9,,,,,,,,,,,,
68.7,,,,,,,,,,,,
69.4,,,,,,,,,,,,
68.6,,,,,,,,,,,,
65.5,,,,,,,,,,,,
65.6,,,,,,,,,,,,
67,,,,,,,,,,,,
68,,,,,,,,,,,,
67.1,,,,,,,,,,,,
66.2,,,,,,,,,,,,
68.3,,,,,,,,,,,,
71.3,,,,,,,,,,,,
65.6,,,,,,,,,,,,
64.8,,,,,,,,,,,,
66.2,,,,,,,,,,,,
67.7,,,,,,,,,,,,
65,,,,,,,,,,,,
65.1,,,,,,,,,,,,
68.8,,,,,,,,,,,,
62.4,,,,,,,,,,,,
67,,,,,,,,,,,,
65.8,,,,,,,,,,,,
65.3,,,,,,,,,,,,
67.4,,,,,,,,,,,,
69.2,,,,,,,,,,,,
66.9,,,,,,,,,,,,
65.3,,,,,,,,,,,,
66.9,,,,,,,,,,,,
66.9,,,,,,,,,,,,
65.5,,,,,,,,,,,,
67.3,,,,,,,,,,,,
70.6,,,,,,,,,,,,
66.5,,,,,,,,,,,,
64.8,,,,,,,,,,,,
64.9,,,,,,,,,,,,
63.4,,,,,,,,,,,,
65.4,,,,,,,,,,,,
65.1,,,,,,,,,,,,
66.7,,,,,,,,,,,,
66.2,,,,,,,,,,,,
68.5,,,,,,,,,,,,
67.3,,,,,,,,,,,,
67.5,,,,,,,,,,,,
67.8,,,,,,,,,,,,
66.8,,,,,,,,,,,,
65.6,,,,,,,,,,,,
65.9,,,,,,,,,,,,
62.6,,,,,,,,,,,,
67.1,,,,,,,,,,,,
66.5,,,,,,,,,,,,
65.5,,,,,,,,,,,,
67.6,,,,,,,,,,,,
65.7,,,,,,,,,,,,
64.5,,,,,,,,,,,,
63.4,,,,,,,,,,,,
64.6,,,,,,,,,,,,
67.1,,,,,,,,,,,,
68.4,,,,,,,,,,,,
66.8,,,,,,,,,,,,
65.1,,,,,,,,,,,,
66.5,,,,,,,,,,,,
63.1,,,,,,,,,,,,
65.8,,,,,,,,,,,,
67.4,,,,,,,,,,,,
67,,,,,,,,,,,,
69.1,,,,,,,,,,,,
66.1,,,,,,,,,,,,
66.2,,,,,,,,,,,,
65.9,,,,,,,,,,,,
67.2,,,,,,,,,,,,
68,,,,,,,,,,,,
62.9,,,,,,,,,,,,
68.5,,,,,,,,,,,,
68.6,,,,,,,,,,,,
65.5,,,,,,,,,,,,
67.4,,,,,,,,,,,,
65.5,,,,,,,,,,,,
68.8,,,,,,,,,,,,
65.8,,,,,,,,,,,,
67.8,,,,,,,,,,,,
67.1,,,,,,,,,,,,
67.3,,,,,,,,,,,,
68.4,,,,,,,,,,,,
67,,,,,,,,,,,,
66,,,,,,,,,,,,
65.6,,,,,,,,,,,,
66.2,,,,,,,,,,,,
67.2,,,,,,,,,,,,
65.5,,,,,,,,,,,,
65.2,,,,,,,,,,,,
66.4,,,,,,,,,,,,
66.9,,,,,,,,,,,,
66.2,,,,,,,,,,,,
65.4,,,,,,,,,,,,
69.3,,,,,,,,,,,,
65.7,,,,,,,,,,,,
67.4,,,,,,,,,,,,
67.3,,,,,,,,,,,,
65.9,,,,,,,,,,,,
70,,,,,,,,,,,,
66.9,,,,,,,,,,,,
67.6,,,,,,,,,,,,
69.7,,,,,,,,,,,,
66.4,,,,,,,,,,,,
65.7,,,,,,,,,,,,
67,,,,,,,,,,,,
67,,,,,,,,,,,,
64.6,,,,,,,,,,,,
66.5,,,,,,,,,,,,
64.8,,,,,,,,,,,,
67,,,,,,,,,,,,
64.6,,,,,,,,,,,,
65.6,,,,,,,,,,,,
67.3,,,,,,,,,,,,
66.3,,,,,,,,,,,,
69.5,,,,,,,,,,,,
67.2,,,,,,,,,,,,
64.8,,,,,,,,,,,,
66.2,,,,,,,,,,,,
64.9,,,,,,,,,,,,
66.7,,,,,,,,,,,,
68.5,,,,,,,,,,,,
66.2,,,,,,,,,,,,
66.9,,,,,,,,,,,,
66.9,,,,,,,,,,,,
68.3,,,,,,,,,,,,
69.9,,,,,,,,,,,,
69.2,,,,,,,,,,,,
67.7,,,,,,,,,,,,
67.3,,,,,,,,,,,,
66.2,,,,,,,,,,,,
68.9,,,,,,,,,,,,
67.3,,,,,,,,,,,,
67.1,,,,,,,,,,,,
66.6,,,,,,,,,,,,
65.7,,,,,,,,,,,,
68.9,,,,,,,,,,,,
65.1,,,,,,,,,,,,
66,,,,,,,,,,,,
66.7,,,,,,,,,,,,
67.4,,,,,,,,,,,,
66.7,,,,,,,,,,,,
66.7,,,,,,,,,,,,
67.3,,,,,,,,,,,,
66.6,,,,,,,,,,,,
66,,,,,,,,,,,,
65.7,,,,,,,,,,,,
67.8,,,,,,,,,,,,
65.8,,,,,,,,,,,,
64.5,,,,,,,,,,,,
66.9,,,,,,,,,,,,
66.4,,,,,,,,,,,,
66.8,,,,,,,,,,,,
65.6,,,,,,,,,,,,
64.6,,,,,,,,,,,,
66.3,,,,,,,,,,,,
68.1,,,,,,,,,,,,
64.4,,,,,,,,,,,,
69.2,,,,,,,,,,,,
65.6,,,,,,,,,,,,
68.1,,,,,,,,,,,,
66.3,,,,,,,,,,,,
65.6,,,,,,,,,,,,
68.2,,,,,,,,,,,,
67.2,,,,,,,,,,,,
67,,,,,,,,,,,,
67.9,,,,,,,,,,,,
65,,,,,,,,,,,,
65.2,,,,,,,,,,,,
67,,,,,,,,,,,,
67.7,,,,,,,,,,,,
67.3,,,,,,,,,,,,
65.1,,,,,,,,,,,,
66.2,,,,,,,,,,,,
67.8,,,,,,,,,,,,
65.9,,,,,,,,,,,,
66.5,,,,,,,,,,,,
65.9,,,,,,,,,,,,
69.6,,,,,,,,,,,,
66.8,,,,,,,,,,,,
67.5,,,,,,,,,,,,
66.2,,,,,,,,,,,,
66.7,,,,,,,,,,,,
64.7,,,,,,,,,,,,
69.9,,,,,,,,,,,,
65.8,,,,,,,,,,,,
66.8,,,,,,,,,,,,
68.6,,,,,,,,,,,,
66.6,,,,,,,,,,,,
68.8,,,,,,,,,,,,
67.9,,,,,,,,,,,,
65.6,,,,,,,,,,,,
64.4,,,,,,,,,,,,
66.6,,,,,,,,,,,,
66.1,,,,,,,,,,,,
64.6,,,,,,,,,,,,
63.9,,,,,,,,,,,,
67.3,,,,,,,,,,,,
66.7,,,,,,,,,,,,
68.5,,,,,,,,,,,,
66.5,,,,,,,,,,,,
65.5,,,,,,,,,,,,
67.1,,,,,,,,,,,,
68.9,,,,,,,,,,,,
65.7,,,,,,,,,,,,
64,,,,,,,,,,,,
68.6,,,,,,,,,,,,
66.6,,,,,,,,,,,,
67.9,,,,,,,,,,,,
66.1,,,,,,,,,,,,
64.9,,,,,,,,,,,,
65.7,,,,,,,,,,,,
68.2,,,,,,,,,,,,
63.1,,,,,,,,,,,,
69,,,,,,,,,,,,
66.2,,,,,,,,,,,,
67.5,,,,,,,,,,,,
65.8,,,,,,,,,,,,
67.8,,,,,,,,,,,,
65.8,,,,,,,,,,,,
66.5,,,,,,,,,,,,
65.4,,,,,,,,,,,,
68.4,,,,,,,,,,,,
67,,,,,,,,,,,,
63.4,,,,,,,,,,,,
66,,,,,,,,,,,,
66.6,,,,,,,,,,,,
69.3,,,,,,,,,,,,
64.5,,,,,,,,,,,,
67.8,,,,,,,,,,,,
67.8,,,,,,,,,,,,
68,,,,,,,,,,,,
64.7,,,,,,,,,,,,
64.8,,,,,,,,,,,,
66.6,,,,,,,,,,,,
66.5,,,,,,,,,,,,
66.9,,,,,,,,,,,,
68.8,,,,,,,,,,,,
67.4,,,,,,,,,,,,
68.8,,,,,,,,,,,,
66.3,,,,,,,,,,,,
63.4,,,,,,,,,,,,
66.9,,,,,,,,,,,,
65.1,,,,,,,,,,,,
66.7,,,,,,,,,,,,
68.5,,,,,,,,,,,,
66.7,,,,,,,,,,,,
67.4,,,,,,,,,,,,
66,,,,,,,,,,,,
66.1,,,,,,,,,,,,
67.2,,,,,,,,,,,,
66.8,,,,,,,,,,,,
67.4,,,,,,,,,,,,
67.1,,,,,,,,,,,,
66.1,,,,,,,,,,,,
67.3,,,,,,,,,,,,
68.1,,,,,,,,,,,,
68,,,,,,,,,,,,
64.9,,,,,,,,,,,,
67.7,,,,,,,,,,,,
68,,,,,,,,,,,,
66,,,,,,,,,,,,
66.6,,,,,,,,,,,,
68,,,,,,,,,,,,
67.3,,,,,,,,,,,,
66.9,,,,,,,,,,,,
67.3,,,,,,,,,,,,
66.3,,,,,,,,,,,,
66.5,,,,,,,,,,,,
66.4,,,,,,,,,,,,
67.2,,,,,,,,,,,,
68,,,,,,,,,,,,
68,,,,,,,,,,,,
65.7,,,,,,,,,,,,
66.6,,,,,,,,,,,,
66.2,,,,,,,,,,,,
65,,,,,,,,,,,,
67.6,,,,,,,,,,,,
66.8,,,,,,,,,,,,
66.8,,,,,,,,,,,,
67.3,,,,,,,,,,,,
66.1,,,,,,,,,,,,
64.7,,,,,,,,,,,,
65.4,,,,,,,,,,,,
69.6,,,,,,,,,,,,
66.1,,,,,,,,,,,,
66.4,,,,,,,,,,,,
67.5,,,,,,,,,,,,
66.6,,,,,,,,,,,,
67.8,,,,,,,,,,,,
65.7,,,,,,,,,,,,
63.7,,,,,,,,,,,,
67.6,,,,,,,,,,,,
67.1,,,,,,,,,,,,
63.5,,,,,,,,,,,,
67.1,,,,,,,,,,,,
67.3,,,,,,,,,,,,
65.5,,,,,,,,,,,,
68.2,,,,,,,,,,,,
68.4,,,,,,,,,,,,
69.1,,,,,,,,,,,,
67,,,,,,,,,,,,
67.2,,,,,,,,,,,,
66.4,,,,,,,,,,,,
67.9,,,,,,,,,,,,
64.7,,,,,,,,,,,,
65.4,,,,,,,,,,,,
65.8,,,,,,,,,,,,
68.1,,,,,,,,,,,,
68.5,,,,,,,,,,,,
